Lineage,Complete,Duplicated,Fragmented,Missing,Single copy,Total
fungi_odb10,552,494,62,144,58,758
,72.8232189973615,65.1715039577836,8.17941952506596,18.9973614775726,7.65171503957784,
