[2026-05-05 18:36:12,273] multiqc                                            [DEBUG  ]  No MultiQC config found: /trinity/shared/easybuild/software/MultiQC/1.9-foss-2020a-Python-3.8.2/lib/python3.8/site-packages/multiqc_config.yaml
[2026-05-05 18:36:12,273] multiqc                                            [DEBUG  ]  No MultiQC config found: /home/alicebalard/.multiqc_config.yaml
[2026-05-05 18:36:12,274] multiqc                                            [DEBUG  ]  No MultiQC config found: multiqc_config.yaml
[2026-05-05 18:36:12,274] multiqc                                            [DEBUG  ]  Command used: /trinity/shared/easybuild/software/MultiQC/1.9-foss-2020a-Python-3.8.2/bin/multiqc /scratch/alicebalard/outData/fastqc/afterTrim -o /home/alicebalard/Scripts/AliceScripts/cyanochytridMET/data/multiQC/trimmedReads
[2026-05-05 18:36:12,588] multiqc                                            [WARNING]  MultiQC Version v1.34 now available!
[2026-05-05 18:36:12,588] multiqc                                            [INFO   ]  This is MultiQC v1.9
[2026-05-05 18:36:12,588] multiqc                                            [DEBUG  ]  Command     : /trinity/shared/easybuild/software/MultiQC/1.9-foss-2020a-Python-3.8.2/bin/multiqc /scratch/alicebalard/outData/fastqc/afterTrim -o /home/alicebalard/Scripts/AliceScripts/cyanochytridMET/data/multiQC/trimmedReads
[2026-05-05 18:36:12,589] multiqc                                            [DEBUG  ]  Working dir : /home/alicebalard/Scripts/AliceScripts/cyanochytridMET/scripts/Part1_transcriptome
[2026-05-05 18:36:12,589] multiqc                                            [INFO   ]  Template    : default
[2026-05-05 18:36:12,589] multiqc                                            [DEBUG  ]  Running Python 3.8.2 (default, Sep 14 2020, 17:39:50)  [GCC 9.3.0]
[2026-05-05 18:36:12,589] multiqc                                            [INFO   ]  Searching   : /scratch/alicebalard/outData/fastqc/afterTrim
[2026-05-05 18:36:12,589] multiqc                                            [DEBUG  ]  Analysing modules: custom_content, conpair, peddy, somalier, methylQA, mosdepth, phantompeakqualtools, qualimap, preseq, quast, qorts, rna_seqc, rockhopper, rsem, rseqc, busco, goleft_indexcov, disambiguate, supernova, deeptools, sargasso, verifybamid, mirtrace, happy, mirtop, homer, macs2, theta2, snpeff, gatk, htseq, bcftools, featureCounts, fgbio, dragen, dedup, damageprofiler, biobambam2, mtnucratio, picard, prokka, samblaster, samtools, sexdeterrmine, bamtools, jellyfish, vcftools, longranger, stacks, varscan2, bbmap, bismark, biscuit, hicexplorer, hicup, hicpro, salmon, kallisto, slamdunk, star, hisat2, tophat, bowtie2, bowtie1, snpsplit, kat, leehom, adapterRemoval, clipandmerge, cutadapt, flexbar, kaiju, kraken, malt, trimmomatic, sickle, skewer, sortmerna, biobloomtools, fastq_screen, afterqc, fastp, fastqc, pycoqc, minionqc, multivcfanalyzer, clusterflow, bcl2fastq, interop, ivar, flash, seqyclean
[2026-05-05 18:36:12,589] multiqc                                            [DEBUG  ]  Using temporary directory for creating report: /localscratch/tmp/alicebalard/tmp.25609721.0/tmp5179tzui
[2026-05-05 18:36:13,095] multiqc                                            [DEBUG  ]  File ignored by hicexplorer because it exceeded search pattern filesize limit: In4_2_trimm_paired_fastqc.html
[2026-05-05 18:36:13,099] multiqc                                            [DEBUG  ]  File ignored by longranger/invocation because it exceeded search pattern filesize limit: In4_2_trimm_paired_fastqc.html
[2026-05-05 18:36:13,099] multiqc                                            [DEBUG  ]  File ignored by rockhopper because it exceeded search pattern filesize limit: In4_2_trimm_paired_fastqc.html
[2026-05-05 18:36:13,099] multiqc                                            [DEBUG  ]  File ignored by rseqc/bam_stat because it exceeded search pattern filesize limit: In4_2_trimm_paired_fastqc.html
[2026-05-05 18:36:13,099] multiqc                                            [DEBUG  ]  File ignored by rseqc/junction_annotation because it exceeded search pattern filesize limit: In4_2_trimm_paired_fastqc.html
[2026-05-05 18:36:13,099] multiqc                                            [DEBUG  ]  File ignored by rseqc/read_distribution because it exceeded search pattern filesize limit: In4_2_trimm_paired_fastqc.html
[2026-05-05 18:36:13,100] multiqc                                            [DEBUG  ]  File ignored by rseqc/infer_experiment because it exceeded search pattern filesize limit: In4_2_trimm_paired_fastqc.html
[2026-05-05 18:36:13,244] multiqc                                            [DEBUG  ]  File ignored by hicexplorer because it exceeded search pattern filesize limit: In12_1_trimm_paired_fastqc.html
[2026-05-05 18:36:13,247] multiqc                                            [DEBUG  ]  File ignored by longranger/invocation because it exceeded search pattern filesize limit: In12_1_trimm_paired_fastqc.html
[2026-05-05 18:36:13,247] multiqc                                            [DEBUG  ]  File ignored by rockhopper because it exceeded search pattern filesize limit: In12_1_trimm_paired_fastqc.html
[2026-05-05 18:36:13,247] multiqc                                            [DEBUG  ]  File ignored by rseqc/bam_stat because it exceeded search pattern filesize limit: In12_1_trimm_paired_fastqc.html
[2026-05-05 18:36:13,247] multiqc                                            [DEBUG  ]  File ignored by rseqc/junction_annotation because it exceeded search pattern filesize limit: In12_1_trimm_paired_fastqc.html
[2026-05-05 18:36:13,247] multiqc                                            [DEBUG  ]  File ignored by rseqc/read_distribution because it exceeded search pattern filesize limit: In12_1_trimm_paired_fastqc.html
[2026-05-05 18:36:13,247] multiqc                                            [DEBUG  ]  File ignored by rseqc/infer_experiment because it exceeded search pattern filesize limit: In12_1_trimm_paired_fastqc.html
[2026-05-05 18:36:13,357] multiqc                                            [DEBUG  ]  File ignored by hicexplorer because it exceeded search pattern filesize limit: Z3_2_trimm_paired_fastqc.html
[2026-05-05 18:36:13,360] multiqc                                            [DEBUG  ]  File ignored by longranger/invocation because it exceeded search pattern filesize limit: Z3_2_trimm_paired_fastqc.html
[2026-05-05 18:36:13,360] multiqc                                            [DEBUG  ]  File ignored by rockhopper because it exceeded search pattern filesize limit: Z3_2_trimm_paired_fastqc.html
[2026-05-05 18:36:13,360] multiqc                                            [DEBUG  ]  File ignored by rseqc/bam_stat because it exceeded search pattern filesize limit: Z3_2_trimm_paired_fastqc.html
[2026-05-05 18:36:13,360] multiqc                                            [DEBUG  ]  File ignored by rseqc/junction_annotation because it exceeded search pattern filesize limit: Z3_2_trimm_paired_fastqc.html
[2026-05-05 18:36:13,360] multiqc                                            [DEBUG  ]  File ignored by rseqc/read_distribution because it exceeded search pattern filesize limit: Z3_2_trimm_paired_fastqc.html
[2026-05-05 18:36:13,360] multiqc                                            [DEBUG  ]  File ignored by rseqc/infer_experiment because it exceeded search pattern filesize limit: Z3_2_trimm_paired_fastqc.html
[2026-05-05 18:36:13,446] multiqc                                            [DEBUG  ]  File ignored by hicexplorer because it exceeded search pattern filesize limit: C6_2_trimm_paired_fastqc.html
[2026-05-05 18:36:13,449] multiqc                                            [DEBUG  ]  File ignored by longranger/invocation because it exceeded search pattern filesize limit: C6_2_trimm_paired_fastqc.html
[2026-05-05 18:36:13,449] multiqc                                            [DEBUG  ]  File ignored by rockhopper because it exceeded search pattern filesize limit: C6_2_trimm_paired_fastqc.html
[2026-05-05 18:36:13,449] multiqc                                            [DEBUG  ]  File ignored by rseqc/bam_stat because it exceeded search pattern filesize limit: C6_2_trimm_paired_fastqc.html
[2026-05-05 18:36:13,449] multiqc                                            [DEBUG  ]  File ignored by rseqc/junction_annotation because it exceeded search pattern filesize limit: C6_2_trimm_paired_fastqc.html
[2026-05-05 18:36:13,449] multiqc                                            [DEBUG  ]  File ignored by rseqc/read_distribution because it exceeded search pattern filesize limit: C6_2_trimm_paired_fastqc.html
[2026-05-05 18:36:13,449] multiqc                                            [DEBUG  ]  File ignored by rseqc/infer_experiment because it exceeded search pattern filesize limit: C6_2_trimm_paired_fastqc.html
[2026-05-05 18:36:13,532] multiqc                                            [DEBUG  ]  File ignored by hicexplorer because it exceeded search pattern filesize limit: C11_2_trimm_paired_fastqc.html
[2026-05-05 18:36:13,535] multiqc                                            [DEBUG  ]  File ignored by longranger/invocation because it exceeded search pattern filesize limit: C11_2_trimm_paired_fastqc.html
[2026-05-05 18:36:13,535] multiqc                                            [DEBUG  ]  File ignored by rockhopper because it exceeded search pattern filesize limit: C11_2_trimm_paired_fastqc.html
[2026-05-05 18:36:13,535] multiqc                                            [DEBUG  ]  File ignored by rseqc/bam_stat because it exceeded search pattern filesize limit: C11_2_trimm_paired_fastqc.html
[2026-05-05 18:36:13,535] multiqc                                            [DEBUG  ]  File ignored by rseqc/junction_annotation because it exceeded search pattern filesize limit: C11_2_trimm_paired_fastqc.html
[2026-05-05 18:36:13,535] multiqc                                            [DEBUG  ]  File ignored by rseqc/read_distribution because it exceeded search pattern filesize limit: C11_2_trimm_paired_fastqc.html
[2026-05-05 18:36:13,535] multiqc                                            [DEBUG  ]  File ignored by rseqc/infer_experiment because it exceeded search pattern filesize limit: C11_2_trimm_paired_fastqc.html
[2026-05-05 18:36:13,615] multiqc                                            [DEBUG  ]  File ignored by hicexplorer because it exceeded search pattern filesize limit: In4_1_trimm_paired_fastqc.html
[2026-05-05 18:36:13,617] multiqc                                            [DEBUG  ]  File ignored by longranger/invocation because it exceeded search pattern filesize limit: In4_1_trimm_paired_fastqc.html
[2026-05-05 18:36:13,617] multiqc                                            [DEBUG  ]  File ignored by rockhopper because it exceeded search pattern filesize limit: In4_1_trimm_paired_fastqc.html
[2026-05-05 18:36:13,617] multiqc                                            [DEBUG  ]  File ignored by rseqc/bam_stat because it exceeded search pattern filesize limit: In4_1_trimm_paired_fastqc.html
[2026-05-05 18:36:13,617] multiqc                                            [DEBUG  ]  File ignored by rseqc/junction_annotation because it exceeded search pattern filesize limit: In4_1_trimm_paired_fastqc.html
[2026-05-05 18:36:13,617] multiqc                                            [DEBUG  ]  File ignored by rseqc/read_distribution because it exceeded search pattern filesize limit: In4_1_trimm_paired_fastqc.html
[2026-05-05 18:36:13,617] multiqc                                            [DEBUG  ]  File ignored by rseqc/infer_experiment because it exceeded search pattern filesize limit: In4_1_trimm_paired_fastqc.html
[2026-05-05 18:36:13,733] multiqc                                            [DEBUG  ]  File ignored by hicexplorer because it exceeded search pattern filesize limit: In12_2_trimm_paired_fastqc.html
[2026-05-05 18:36:13,736] multiqc                                            [DEBUG  ]  File ignored by longranger/invocation because it exceeded search pattern filesize limit: In12_2_trimm_paired_fastqc.html
[2026-05-05 18:36:13,736] multiqc                                            [DEBUG  ]  File ignored by rockhopper because it exceeded search pattern filesize limit: In12_2_trimm_paired_fastqc.html
[2026-05-05 18:36:13,736] multiqc                                            [DEBUG  ]  File ignored by rseqc/bam_stat because it exceeded search pattern filesize limit: In12_2_trimm_paired_fastqc.html
[2026-05-05 18:36:13,736] multiqc                                            [DEBUG  ]  File ignored by rseqc/junction_annotation because it exceeded search pattern filesize limit: In12_2_trimm_paired_fastqc.html
[2026-05-05 18:36:13,736] multiqc                                            [DEBUG  ]  File ignored by rseqc/read_distribution because it exceeded search pattern filesize limit: In12_2_trimm_paired_fastqc.html
[2026-05-05 18:36:13,736] multiqc                                            [DEBUG  ]  File ignored by rseqc/infer_experiment because it exceeded search pattern filesize limit: In12_2_trimm_paired_fastqc.html
[2026-05-05 18:36:13,868] multiqc                                            [DEBUG  ]  File ignored by hicexplorer because it exceeded search pattern filesize limit: C11_1_trimm_paired_fastqc.html
[2026-05-05 18:36:13,871] multiqc                                            [DEBUG  ]  File ignored by longranger/invocation because it exceeded search pattern filesize limit: C11_1_trimm_paired_fastqc.html
[2026-05-05 18:36:13,871] multiqc                                            [DEBUG  ]  File ignored by rockhopper because it exceeded search pattern filesize limit: C11_1_trimm_paired_fastqc.html
[2026-05-05 18:36:13,871] multiqc                                            [DEBUG  ]  File ignored by rseqc/bam_stat because it exceeded search pattern filesize limit: C11_1_trimm_paired_fastqc.html
[2026-05-05 18:36:13,871] multiqc                                            [DEBUG  ]  File ignored by rseqc/junction_annotation because it exceeded search pattern filesize limit: C11_1_trimm_paired_fastqc.html
[2026-05-05 18:36:13,871] multiqc                                            [DEBUG  ]  File ignored by rseqc/read_distribution because it exceeded search pattern filesize limit: C11_1_trimm_paired_fastqc.html
[2026-05-05 18:36:13,871] multiqc                                            [DEBUG  ]  File ignored by rseqc/infer_experiment because it exceeded search pattern filesize limit: C11_1_trimm_paired_fastqc.html
[2026-05-05 18:36:14,014] multiqc                                            [DEBUG  ]  File ignored by hicexplorer because it exceeded search pattern filesize limit: Z3_1_trimm_paired_fastqc.html
[2026-05-05 18:36:14,016] multiqc                                            [DEBUG  ]  File ignored by longranger/invocation because it exceeded search pattern filesize limit: Z3_1_trimm_paired_fastqc.html
[2026-05-05 18:36:14,016] multiqc                                            [DEBUG  ]  File ignored by rockhopper because it exceeded search pattern filesize limit: Z3_1_trimm_paired_fastqc.html
[2026-05-05 18:36:14,017] multiqc                                            [DEBUG  ]  File ignored by rseqc/bam_stat because it exceeded search pattern filesize limit: Z3_1_trimm_paired_fastqc.html
[2026-05-05 18:36:14,017] multiqc                                            [DEBUG  ]  File ignored by rseqc/junction_annotation because it exceeded search pattern filesize limit: Z3_1_trimm_paired_fastqc.html
[2026-05-05 18:36:14,017] multiqc                                            [DEBUG  ]  File ignored by rseqc/read_distribution because it exceeded search pattern filesize limit: Z3_1_trimm_paired_fastqc.html
[2026-05-05 18:36:14,017] multiqc                                            [DEBUG  ]  File ignored by rseqc/infer_experiment because it exceeded search pattern filesize limit: Z3_1_trimm_paired_fastqc.html
[2026-05-05 18:36:14,323] multiqc                                            [DEBUG  ]  File ignored by hicexplorer because it exceeded search pattern filesize limit: C6_1_trimm_paired_fastqc.html
[2026-05-05 18:36:14,325] multiqc                                            [DEBUG  ]  File ignored by longranger/invocation because it exceeded search pattern filesize limit: C6_1_trimm_paired_fastqc.html
[2026-05-05 18:36:14,325] multiqc                                            [DEBUG  ]  File ignored by rockhopper because it exceeded search pattern filesize limit: C6_1_trimm_paired_fastqc.html
[2026-05-05 18:36:14,326] multiqc                                            [DEBUG  ]  File ignored by rseqc/bam_stat because it exceeded search pattern filesize limit: C6_1_trimm_paired_fastqc.html
[2026-05-05 18:36:14,326] multiqc                                            [DEBUG  ]  File ignored by rseqc/junction_annotation because it exceeded search pattern filesize limit: C6_1_trimm_paired_fastqc.html
[2026-05-05 18:36:14,326] multiqc                                            [DEBUG  ]  File ignored by rseqc/read_distribution because it exceeded search pattern filesize limit: C6_1_trimm_paired_fastqc.html
[2026-05-05 18:36:14,326] multiqc                                            [DEBUG  ]  File ignored by rseqc/infer_experiment because it exceeded search pattern filesize limit: C6_1_trimm_paired_fastqc.html
[2026-05-05 18:36:14,410] multiqc                                            [DEBUG  ]  File ignored by hicexplorer because it exceeded search pattern filesize limit: In5_1_trimm_paired_fastqc.html
[2026-05-05 18:36:14,413] multiqc                                            [DEBUG  ]  File ignored by longranger/invocation because it exceeded search pattern filesize limit: In5_1_trimm_paired_fastqc.html
[2026-05-05 18:36:14,413] multiqc                                            [DEBUG  ]  File ignored by rockhopper because it exceeded search pattern filesize limit: In5_1_trimm_paired_fastqc.html
[2026-05-05 18:36:14,413] multiqc                                            [DEBUG  ]  File ignored by rseqc/bam_stat because it exceeded search pattern filesize limit: In5_1_trimm_paired_fastqc.html
[2026-05-05 18:36:14,413] multiqc                                            [DEBUG  ]  File ignored by rseqc/junction_annotation because it exceeded search pattern filesize limit: In5_1_trimm_paired_fastqc.html
[2026-05-05 18:36:14,413] multiqc                                            [DEBUG  ]  File ignored by rseqc/read_distribution because it exceeded search pattern filesize limit: In5_1_trimm_paired_fastqc.html
[2026-05-05 18:36:14,413] multiqc                                            [DEBUG  ]  File ignored by rseqc/infer_experiment because it exceeded search pattern filesize limit: In5_1_trimm_paired_fastqc.html
[2026-05-05 18:36:14,496] multiqc                                            [DEBUG  ]  File ignored by hicexplorer because it exceeded search pattern filesize limit: C10_1_trimm_paired_fastqc.html
[2026-05-05 18:36:14,498] multiqc                                            [DEBUG  ]  File ignored by longranger/invocation because it exceeded search pattern filesize limit: C10_1_trimm_paired_fastqc.html
[2026-05-05 18:36:14,498] multiqc                                            [DEBUG  ]  File ignored by rockhopper because it exceeded search pattern filesize limit: C10_1_trimm_paired_fastqc.html
[2026-05-05 18:36:14,498] multiqc                                            [DEBUG  ]  File ignored by rseqc/bam_stat because it exceeded search pattern filesize limit: C10_1_trimm_paired_fastqc.html
[2026-05-05 18:36:14,499] multiqc                                            [DEBUG  ]  File ignored by rseqc/junction_annotation because it exceeded search pattern filesize limit: C10_1_trimm_paired_fastqc.html
[2026-05-05 18:36:14,499] multiqc                                            [DEBUG  ]  File ignored by rseqc/read_distribution because it exceeded search pattern filesize limit: C10_1_trimm_paired_fastqc.html
[2026-05-05 18:36:14,499] multiqc                                            [DEBUG  ]  File ignored by rseqc/infer_experiment because it exceeded search pattern filesize limit: C10_1_trimm_paired_fastqc.html
[2026-05-05 18:36:14,647] multiqc                                            [DEBUG  ]  File ignored by hicexplorer because it exceeded search pattern filesize limit: C7_1_trimm_paired_fastqc.html
[2026-05-05 18:36:14,649] multiqc                                            [DEBUG  ]  File ignored by longranger/invocation because it exceeded search pattern filesize limit: C7_1_trimm_paired_fastqc.html
[2026-05-05 18:36:14,650] multiqc                                            [DEBUG  ]  File ignored by rockhopper because it exceeded search pattern filesize limit: C7_1_trimm_paired_fastqc.html
[2026-05-05 18:36:14,650] multiqc                                            [DEBUG  ]  File ignored by rseqc/bam_stat because it exceeded search pattern filesize limit: C7_1_trimm_paired_fastqc.html
[2026-05-05 18:36:14,650] multiqc                                            [DEBUG  ]  File ignored by rseqc/junction_annotation because it exceeded search pattern filesize limit: C7_1_trimm_paired_fastqc.html
[2026-05-05 18:36:14,650] multiqc                                            [DEBUG  ]  File ignored by rseqc/read_distribution because it exceeded search pattern filesize limit: C7_1_trimm_paired_fastqc.html
[2026-05-05 18:36:14,650] multiqc                                            [DEBUG  ]  File ignored by rseqc/infer_experiment because it exceeded search pattern filesize limit: C7_1_trimm_paired_fastqc.html
[2026-05-05 18:36:14,729] multiqc                                            [DEBUG  ]  File ignored by hicexplorer because it exceeded search pattern filesize limit: Z2_1_trimm_paired_fastqc.html
[2026-05-05 18:36:14,732] multiqc                                            [DEBUG  ]  File ignored by longranger/invocation because it exceeded search pattern filesize limit: Z2_1_trimm_paired_fastqc.html
[2026-05-05 18:36:14,732] multiqc                                            [DEBUG  ]  File ignored by rockhopper because it exceeded search pattern filesize limit: Z2_1_trimm_paired_fastqc.html
[2026-05-05 18:36:14,732] multiqc                                            [DEBUG  ]  File ignored by rseqc/bam_stat because it exceeded search pattern filesize limit: Z2_1_trimm_paired_fastqc.html
[2026-05-05 18:36:14,732] multiqc                                            [DEBUG  ]  File ignored by rseqc/junction_annotation because it exceeded search pattern filesize limit: Z2_1_trimm_paired_fastqc.html
[2026-05-05 18:36:14,732] multiqc                                            [DEBUG  ]  File ignored by rseqc/read_distribution because it exceeded search pattern filesize limit: Z2_1_trimm_paired_fastqc.html
[2026-05-05 18:36:14,732] multiqc                                            [DEBUG  ]  File ignored by rseqc/infer_experiment because it exceeded search pattern filesize limit: Z2_1_trimm_paired_fastqc.html
[2026-05-05 18:36:14,816] multiqc                                            [DEBUG  ]  File ignored by hicexplorer because it exceeded search pattern filesize limit: In5_2_trimm_paired_fastqc.html
[2026-05-05 18:36:14,818] multiqc                                            [DEBUG  ]  File ignored by longranger/invocation because it exceeded search pattern filesize limit: In5_2_trimm_paired_fastqc.html
[2026-05-05 18:36:14,818] multiqc                                            [DEBUG  ]  File ignored by rockhopper because it exceeded search pattern filesize limit: In5_2_trimm_paired_fastqc.html
[2026-05-05 18:36:14,818] multiqc                                            [DEBUG  ]  File ignored by rseqc/bam_stat because it exceeded search pattern filesize limit: In5_2_trimm_paired_fastqc.html
[2026-05-05 18:36:14,818] multiqc                                            [DEBUG  ]  File ignored by rseqc/junction_annotation because it exceeded search pattern filesize limit: In5_2_trimm_paired_fastqc.html
[2026-05-05 18:36:14,818] multiqc                                            [DEBUG  ]  File ignored by rseqc/read_distribution because it exceeded search pattern filesize limit: In5_2_trimm_paired_fastqc.html
[2026-05-05 18:36:14,819] multiqc                                            [DEBUG  ]  File ignored by rseqc/infer_experiment because it exceeded search pattern filesize limit: In5_2_trimm_paired_fastqc.html
[2026-05-05 18:36:14,895] multiqc                                            [DEBUG  ]  File ignored by hicexplorer because it exceeded search pattern filesize limit: C7_2_trimm_paired_fastqc.html
[2026-05-05 18:36:14,898] multiqc                                            [DEBUG  ]  File ignored by longranger/invocation because it exceeded search pattern filesize limit: C7_2_trimm_paired_fastqc.html
[2026-05-05 18:36:14,898] multiqc                                            [DEBUG  ]  File ignored by rockhopper because it exceeded search pattern filesize limit: C7_2_trimm_paired_fastqc.html
[2026-05-05 18:36:14,898] multiqc                                            [DEBUG  ]  File ignored by rseqc/bam_stat because it exceeded search pattern filesize limit: C7_2_trimm_paired_fastqc.html
[2026-05-05 18:36:14,898] multiqc                                            [DEBUG  ]  File ignored by rseqc/junction_annotation because it exceeded search pattern filesize limit: C7_2_trimm_paired_fastqc.html
[2026-05-05 18:36:14,898] multiqc                                            [DEBUG  ]  File ignored by rseqc/read_distribution because it exceeded search pattern filesize limit: C7_2_trimm_paired_fastqc.html
[2026-05-05 18:36:14,898] multiqc                                            [DEBUG  ]  File ignored by rseqc/infer_experiment because it exceeded search pattern filesize limit: C7_2_trimm_paired_fastqc.html
[2026-05-05 18:36:15,307] multiqc                                            [DEBUG  ]  File ignored by hicexplorer because it exceeded search pattern filesize limit: Z2_2_trimm_paired_fastqc.html
[2026-05-05 18:36:15,309] multiqc                                            [DEBUG  ]  File ignored by longranger/invocation because it exceeded search pattern filesize limit: Z2_2_trimm_paired_fastqc.html
[2026-05-05 18:36:15,310] multiqc                                            [DEBUG  ]  File ignored by rockhopper because it exceeded search pattern filesize limit: Z2_2_trimm_paired_fastqc.html
[2026-05-05 18:36:15,310] multiqc                                            [DEBUG  ]  File ignored by rseqc/bam_stat because it exceeded search pattern filesize limit: Z2_2_trimm_paired_fastqc.html
[2026-05-05 18:36:15,310] multiqc                                            [DEBUG  ]  File ignored by rseqc/junction_annotation because it exceeded search pattern filesize limit: Z2_2_trimm_paired_fastqc.html
[2026-05-05 18:36:15,310] multiqc                                            [DEBUG  ]  File ignored by rseqc/read_distribution because it exceeded search pattern filesize limit: Z2_2_trimm_paired_fastqc.html
[2026-05-05 18:36:15,310] multiqc                                            [DEBUG  ]  File ignored by rseqc/infer_experiment because it exceeded search pattern filesize limit: Z2_2_trimm_paired_fastqc.html
[2026-05-05 18:36:15,394] multiqc                                            [DEBUG  ]  File ignored by hicexplorer because it exceeded search pattern filesize limit: C10_2_trimm_paired_fastqc.html
[2026-05-05 18:36:15,396] multiqc                                            [DEBUG  ]  File ignored by longranger/invocation because it exceeded search pattern filesize limit: C10_2_trimm_paired_fastqc.html
[2026-05-05 18:36:15,397] multiqc                                            [DEBUG  ]  File ignored by rockhopper because it exceeded search pattern filesize limit: C10_2_trimm_paired_fastqc.html
[2026-05-05 18:36:15,397] multiqc                                            [DEBUG  ]  File ignored by rseqc/bam_stat because it exceeded search pattern filesize limit: C10_2_trimm_paired_fastqc.html
[2026-05-05 18:36:15,397] multiqc                                            [DEBUG  ]  File ignored by rseqc/junction_annotation because it exceeded search pattern filesize limit: C10_2_trimm_paired_fastqc.html
[2026-05-05 18:36:15,397] multiqc                                            [DEBUG  ]  File ignored by rseqc/read_distribution because it exceeded search pattern filesize limit: C10_2_trimm_paired_fastqc.html
[2026-05-05 18:36:15,397] multiqc                                            [DEBUG  ]  File ignored by rseqc/infer_experiment because it exceeded search pattern filesize limit: C10_2_trimm_paired_fastqc.html
[2026-05-05 18:36:15,481] multiqc                                            [DEBUG  ]  File ignored by hicexplorer because it exceeded search pattern filesize limit: In7_1_trimm_paired_fastqc.html
[2026-05-05 18:36:15,484] multiqc                                            [DEBUG  ]  File ignored by longranger/invocation because it exceeded search pattern filesize limit: In7_1_trimm_paired_fastqc.html
[2026-05-05 18:36:15,484] multiqc                                            [DEBUG  ]  File ignored by rockhopper because it exceeded search pattern filesize limit: In7_1_trimm_paired_fastqc.html
[2026-05-05 18:36:15,484] multiqc                                            [DEBUG  ]  File ignored by rseqc/bam_stat because it exceeded search pattern filesize limit: In7_1_trimm_paired_fastqc.html
[2026-05-05 18:36:15,484] multiqc                                            [DEBUG  ]  File ignored by rseqc/junction_annotation because it exceeded search pattern filesize limit: In7_1_trimm_paired_fastqc.html
[2026-05-05 18:36:15,484] multiqc                                            [DEBUG  ]  File ignored by rseqc/read_distribution because it exceeded search pattern filesize limit: In7_1_trimm_paired_fastqc.html
[2026-05-05 18:36:15,484] multiqc                                            [DEBUG  ]  File ignored by rseqc/infer_experiment because it exceeded search pattern filesize limit: In7_1_trimm_paired_fastqc.html
[2026-05-05 18:36:15,581] multiqc                                            [DEBUG  ]  File ignored by hicexplorer because it exceeded search pattern filesize limit: In11_2_trimm_paired_fastqc.html
[2026-05-05 18:36:15,584] multiqc                                            [DEBUG  ]  File ignored by longranger/invocation because it exceeded search pattern filesize limit: In11_2_trimm_paired_fastqc.html
[2026-05-05 18:36:15,584] multiqc                                            [DEBUG  ]  File ignored by rockhopper because it exceeded search pattern filesize limit: In11_2_trimm_paired_fastqc.html
[2026-05-05 18:36:15,584] multiqc                                            [DEBUG  ]  File ignored by rseqc/bam_stat because it exceeded search pattern filesize limit: In11_2_trimm_paired_fastqc.html
[2026-05-05 18:36:15,584] multiqc                                            [DEBUG  ]  File ignored by rseqc/junction_annotation because it exceeded search pattern filesize limit: In11_2_trimm_paired_fastqc.html
[2026-05-05 18:36:15,584] multiqc                                            [DEBUG  ]  File ignored by rseqc/read_distribution because it exceeded search pattern filesize limit: In11_2_trimm_paired_fastqc.html
[2026-05-05 18:36:15,584] multiqc                                            [DEBUG  ]  File ignored by rseqc/infer_experiment because it exceeded search pattern filesize limit: In11_2_trimm_paired_fastqc.html
[2026-05-05 18:36:15,665] multiqc                                            [DEBUG  ]  File ignored by hicexplorer because it exceeded search pattern filesize limit: Z8_2_trimm_paired_fastqc.html
[2026-05-05 18:36:15,668] multiqc                                            [DEBUG  ]  File ignored by longranger/invocation because it exceeded search pattern filesize limit: Z8_2_trimm_paired_fastqc.html
[2026-05-05 18:36:15,668] multiqc                                            [DEBUG  ]  File ignored by rockhopper because it exceeded search pattern filesize limit: Z8_2_trimm_paired_fastqc.html
[2026-05-05 18:36:15,668] multiqc                                            [DEBUG  ]  File ignored by rseqc/bam_stat because it exceeded search pattern filesize limit: Z8_2_trimm_paired_fastqc.html
[2026-05-05 18:36:15,668] multiqc                                            [DEBUG  ]  File ignored by rseqc/junction_annotation because it exceeded search pattern filesize limit: Z8_2_trimm_paired_fastqc.html
[2026-05-05 18:36:15,668] multiqc                                            [DEBUG  ]  File ignored by rseqc/read_distribution because it exceeded search pattern filesize limit: Z8_2_trimm_paired_fastqc.html
[2026-05-05 18:36:15,668] multiqc                                            [DEBUG  ]  File ignored by rseqc/infer_experiment because it exceeded search pattern filesize limit: Z8_2_trimm_paired_fastqc.html
[2026-05-05 18:36:15,769] multiqc                                            [DEBUG  ]  File ignored by hicexplorer because it exceeded search pattern filesize limit: C12_1_trimm_paired_fastqc.html
[2026-05-05 18:36:15,772] multiqc                                            [DEBUG  ]  File ignored by longranger/invocation because it exceeded search pattern filesize limit: C12_1_trimm_paired_fastqc.html
[2026-05-05 18:36:15,772] multiqc                                            [DEBUG  ]  File ignored by rockhopper because it exceeded search pattern filesize limit: C12_1_trimm_paired_fastqc.html
[2026-05-05 18:36:15,772] multiqc                                            [DEBUG  ]  File ignored by rseqc/bam_stat because it exceeded search pattern filesize limit: C12_1_trimm_paired_fastqc.html
[2026-05-05 18:36:15,772] multiqc                                            [DEBUG  ]  File ignored by rseqc/junction_annotation because it exceeded search pattern filesize limit: C12_1_trimm_paired_fastqc.html
[2026-05-05 18:36:15,772] multiqc                                            [DEBUG  ]  File ignored by rseqc/read_distribution because it exceeded search pattern filesize limit: C12_1_trimm_paired_fastqc.html
[2026-05-05 18:36:15,772] multiqc                                            [DEBUG  ]  File ignored by rseqc/infer_experiment because it exceeded search pattern filesize limit: C12_1_trimm_paired_fastqc.html
[2026-05-05 18:36:15,855] multiqc                                            [DEBUG  ]  File ignored by hicexplorer because it exceeded search pattern filesize limit: C5_1_trimm_paired_fastqc.html
[2026-05-05 18:36:15,858] multiqc                                            [DEBUG  ]  File ignored by longranger/invocation because it exceeded search pattern filesize limit: C5_1_trimm_paired_fastqc.html
[2026-05-05 18:36:15,858] multiqc                                            [DEBUG  ]  File ignored by rockhopper because it exceeded search pattern filesize limit: C5_1_trimm_paired_fastqc.html
[2026-05-05 18:36:15,858] multiqc                                            [DEBUG  ]  File ignored by rseqc/bam_stat because it exceeded search pattern filesize limit: C5_1_trimm_paired_fastqc.html
[2026-05-05 18:36:15,858] multiqc                                            [DEBUG  ]  File ignored by rseqc/junction_annotation because it exceeded search pattern filesize limit: C5_1_trimm_paired_fastqc.html
[2026-05-05 18:36:15,858] multiqc                                            [DEBUG  ]  File ignored by rseqc/read_distribution because it exceeded search pattern filesize limit: C5_1_trimm_paired_fastqc.html
[2026-05-05 18:36:15,858] multiqc                                            [DEBUG  ]  File ignored by rseqc/infer_experiment because it exceeded search pattern filesize limit: C5_1_trimm_paired_fastqc.html
[2026-05-05 18:36:15,957] multiqc                                            [DEBUG  ]  File ignored by hicexplorer because it exceeded search pattern filesize limit: Z8_1_trimm_paired_fastqc.html
[2026-05-05 18:36:15,959] multiqc                                            [DEBUG  ]  File ignored by longranger/invocation because it exceeded search pattern filesize limit: Z8_1_trimm_paired_fastqc.html
[2026-05-05 18:36:15,959] multiqc                                            [DEBUG  ]  File ignored by rockhopper because it exceeded search pattern filesize limit: Z8_1_trimm_paired_fastqc.html
[2026-05-05 18:36:15,960] multiqc                                            [DEBUG  ]  File ignored by rseqc/bam_stat because it exceeded search pattern filesize limit: Z8_1_trimm_paired_fastqc.html
[2026-05-05 18:36:15,960] multiqc                                            [DEBUG  ]  File ignored by rseqc/junction_annotation because it exceeded search pattern filesize limit: Z8_1_trimm_paired_fastqc.html
[2026-05-05 18:36:15,960] multiqc                                            [DEBUG  ]  File ignored by rseqc/read_distribution because it exceeded search pattern filesize limit: Z8_1_trimm_paired_fastqc.html
[2026-05-05 18:36:15,960] multiqc                                            [DEBUG  ]  File ignored by rseqc/infer_experiment because it exceeded search pattern filesize limit: Z8_1_trimm_paired_fastqc.html
[2026-05-05 18:36:16,043] multiqc                                            [DEBUG  ]  File ignored by hicexplorer because it exceeded search pattern filesize limit: In7_2_trimm_paired_fastqc.html
[2026-05-05 18:36:16,046] multiqc                                            [DEBUG  ]  File ignored by longranger/invocation because it exceeded search pattern filesize limit: In7_2_trimm_paired_fastqc.html
[2026-05-05 18:36:16,046] multiqc                                            [DEBUG  ]  File ignored by rockhopper because it exceeded search pattern filesize limit: In7_2_trimm_paired_fastqc.html
[2026-05-05 18:36:16,046] multiqc                                            [DEBUG  ]  File ignored by rseqc/bam_stat because it exceeded search pattern filesize limit: In7_2_trimm_paired_fastqc.html
[2026-05-05 18:36:16,046] multiqc                                            [DEBUG  ]  File ignored by rseqc/junction_annotation because it exceeded search pattern filesize limit: In7_2_trimm_paired_fastqc.html
[2026-05-05 18:36:16,046] multiqc                                            [DEBUG  ]  File ignored by rseqc/read_distribution because it exceeded search pattern filesize limit: In7_2_trimm_paired_fastqc.html
[2026-05-05 18:36:16,046] multiqc                                            [DEBUG  ]  File ignored by rseqc/infer_experiment because it exceeded search pattern filesize limit: In7_2_trimm_paired_fastqc.html
[2026-05-05 18:36:16,123] multiqc                                            [DEBUG  ]  File ignored by hicexplorer because it exceeded search pattern filesize limit: In11_1_trimm_paired_fastqc.html
[2026-05-05 18:36:16,126] multiqc                                            [DEBUG  ]  File ignored by longranger/invocation because it exceeded search pattern filesize limit: In11_1_trimm_paired_fastqc.html
[2026-05-05 18:36:16,126] multiqc                                            [DEBUG  ]  File ignored by rockhopper because it exceeded search pattern filesize limit: In11_1_trimm_paired_fastqc.html
[2026-05-05 18:36:16,126] multiqc                                            [DEBUG  ]  File ignored by rseqc/bam_stat because it exceeded search pattern filesize limit: In11_1_trimm_paired_fastqc.html
[2026-05-05 18:36:16,126] multiqc                                            [DEBUG  ]  File ignored by rseqc/junction_annotation because it exceeded search pattern filesize limit: In11_1_trimm_paired_fastqc.html
[2026-05-05 18:36:16,126] multiqc                                            [DEBUG  ]  File ignored by rseqc/read_distribution because it exceeded search pattern filesize limit: In11_1_trimm_paired_fastqc.html
[2026-05-05 18:36:16,126] multiqc                                            [DEBUG  ]  File ignored by rseqc/infer_experiment because it exceeded search pattern filesize limit: In11_1_trimm_paired_fastqc.html
[2026-05-05 18:36:16,221] multiqc                                            [DEBUG  ]  File ignored by hicexplorer because it exceeded search pattern filesize limit: C5_2_trimm_paired_fastqc.html
[2026-05-05 18:36:16,224] multiqc                                            [DEBUG  ]  File ignored by longranger/invocation because it exceeded search pattern filesize limit: C5_2_trimm_paired_fastqc.html
[2026-05-05 18:36:16,224] multiqc                                            [DEBUG  ]  File ignored by rockhopper because it exceeded search pattern filesize limit: C5_2_trimm_paired_fastqc.html
[2026-05-05 18:36:16,224] multiqc                                            [DEBUG  ]  File ignored by rseqc/bam_stat because it exceeded search pattern filesize limit: C5_2_trimm_paired_fastqc.html
[2026-05-05 18:36:16,224] multiqc                                            [DEBUG  ]  File ignored by rseqc/junction_annotation because it exceeded search pattern filesize limit: C5_2_trimm_paired_fastqc.html
[2026-05-05 18:36:16,224] multiqc                                            [DEBUG  ]  File ignored by rseqc/read_distribution because it exceeded search pattern filesize limit: C5_2_trimm_paired_fastqc.html
[2026-05-05 18:36:16,224] multiqc                                            [DEBUG  ]  File ignored by rseqc/infer_experiment because it exceeded search pattern filesize limit: C5_2_trimm_paired_fastqc.html
[2026-05-05 18:36:16,315] multiqc                                            [DEBUG  ]  File ignored by hicexplorer because it exceeded search pattern filesize limit: C12_2_trimm_paired_fastqc.html
[2026-05-05 18:36:16,318] multiqc                                            [DEBUG  ]  File ignored by longranger/invocation because it exceeded search pattern filesize limit: C12_2_trimm_paired_fastqc.html
[2026-05-05 18:36:16,318] multiqc                                            [DEBUG  ]  File ignored by rockhopper because it exceeded search pattern filesize limit: C12_2_trimm_paired_fastqc.html
[2026-05-05 18:36:16,318] multiqc                                            [DEBUG  ]  File ignored by rseqc/bam_stat because it exceeded search pattern filesize limit: C12_2_trimm_paired_fastqc.html
[2026-05-05 18:36:16,318] multiqc                                            [DEBUG  ]  File ignored by rseqc/junction_annotation because it exceeded search pattern filesize limit: C12_2_trimm_paired_fastqc.html
[2026-05-05 18:36:16,318] multiqc                                            [DEBUG  ]  File ignored by rseqc/read_distribution because it exceeded search pattern filesize limit: C12_2_trimm_paired_fastqc.html
[2026-05-05 18:36:16,318] multiqc                                            [DEBUG  ]  File ignored by rseqc/infer_experiment because it exceeded search pattern filesize limit: C12_2_trimm_paired_fastqc.html
[2026-05-05 18:36:16,394] multiqc                                            [DEBUG  ]  File ignored by hicexplorer because it exceeded search pattern filesize limit: Z9_1_trimm_paired_fastqc.html
[2026-05-05 18:36:16,397] multiqc                                            [DEBUG  ]  File ignored by longranger/invocation because it exceeded search pattern filesize limit: Z9_1_trimm_paired_fastqc.html
[2026-05-05 18:36:16,397] multiqc                                            [DEBUG  ]  File ignored by rockhopper because it exceeded search pattern filesize limit: Z9_1_trimm_paired_fastqc.html
[2026-05-05 18:36:16,397] multiqc                                            [DEBUG  ]  File ignored by rseqc/bam_stat because it exceeded search pattern filesize limit: Z9_1_trimm_paired_fastqc.html
[2026-05-05 18:36:16,397] multiqc                                            [DEBUG  ]  File ignored by rseqc/junction_annotation because it exceeded search pattern filesize limit: Z9_1_trimm_paired_fastqc.html
[2026-05-05 18:36:16,397] multiqc                                            [DEBUG  ]  File ignored by rseqc/read_distribution because it exceeded search pattern filesize limit: Z9_1_trimm_paired_fastqc.html
[2026-05-05 18:36:16,397] multiqc                                            [DEBUG  ]  File ignored by rseqc/infer_experiment because it exceeded search pattern filesize limit: Z9_1_trimm_paired_fastqc.html
[2026-05-05 18:36:16,475] multiqc                                            [DEBUG  ]  File ignored by hicexplorer because it exceeded search pattern filesize limit: In10_1_trimm_paired_fastqc.html
[2026-05-05 18:36:16,477] multiqc                                            [DEBUG  ]  File ignored by longranger/invocation because it exceeded search pattern filesize limit: In10_1_trimm_paired_fastqc.html
[2026-05-05 18:36:16,477] multiqc                                            [DEBUG  ]  File ignored by rockhopper because it exceeded search pattern filesize limit: In10_1_trimm_paired_fastqc.html
[2026-05-05 18:36:16,477] multiqc                                            [DEBUG  ]  File ignored by rseqc/bam_stat because it exceeded search pattern filesize limit: In10_1_trimm_paired_fastqc.html
[2026-05-05 18:36:16,477] multiqc                                            [DEBUG  ]  File ignored by rseqc/junction_annotation because it exceeded search pattern filesize limit: In10_1_trimm_paired_fastqc.html
[2026-05-05 18:36:16,477] multiqc                                            [DEBUG  ]  File ignored by rseqc/read_distribution because it exceeded search pattern filesize limit: In10_1_trimm_paired_fastqc.html
[2026-05-05 18:36:16,477] multiqc                                            [DEBUG  ]  File ignored by rseqc/infer_experiment because it exceeded search pattern filesize limit: In10_1_trimm_paired_fastqc.html
[2026-05-05 18:36:16,565] multiqc                                            [DEBUG  ]  File ignored by hicexplorer because it exceeded search pattern filesize limit: In6_2_trimm_paired_fastqc.html
[2026-05-05 18:36:16,567] multiqc                                            [DEBUG  ]  File ignored by longranger/invocation because it exceeded search pattern filesize limit: In6_2_trimm_paired_fastqc.html
[2026-05-05 18:36:16,567] multiqc                                            [DEBUG  ]  File ignored by rockhopper because it exceeded search pattern filesize limit: In6_2_trimm_paired_fastqc.html
[2026-05-05 18:36:16,567] multiqc                                            [DEBUG  ]  File ignored by rseqc/bam_stat because it exceeded search pattern filesize limit: In6_2_trimm_paired_fastqc.html
[2026-05-05 18:36:16,567] multiqc                                            [DEBUG  ]  File ignored by rseqc/junction_annotation because it exceeded search pattern filesize limit: In6_2_trimm_paired_fastqc.html
[2026-05-05 18:36:16,567] multiqc                                            [DEBUG  ]  File ignored by rseqc/read_distribution because it exceeded search pattern filesize limit: In6_2_trimm_paired_fastqc.html
[2026-05-05 18:36:16,568] multiqc                                            [DEBUG  ]  File ignored by rseqc/infer_experiment because it exceeded search pattern filesize limit: In6_2_trimm_paired_fastqc.html
[2026-05-05 18:36:16,642] multiqc                                            [DEBUG  ]  File ignored by hicexplorer because it exceeded search pattern filesize limit: C4_2_trimm_paired_fastqc.html
[2026-05-05 18:36:16,645] multiqc                                            [DEBUG  ]  File ignored by longranger/invocation because it exceeded search pattern filesize limit: C4_2_trimm_paired_fastqc.html
[2026-05-05 18:36:16,645] multiqc                                            [DEBUG  ]  File ignored by rockhopper because it exceeded search pattern filesize limit: C4_2_trimm_paired_fastqc.html
[2026-05-05 18:36:16,645] multiqc                                            [DEBUG  ]  File ignored by rseqc/bam_stat because it exceeded search pattern filesize limit: C4_2_trimm_paired_fastqc.html
[2026-05-05 18:36:16,645] multiqc                                            [DEBUG  ]  File ignored by rseqc/junction_annotation because it exceeded search pattern filesize limit: C4_2_trimm_paired_fastqc.html
[2026-05-05 18:36:16,645] multiqc                                            [DEBUG  ]  File ignored by rseqc/read_distribution because it exceeded search pattern filesize limit: C4_2_trimm_paired_fastqc.html
[2026-05-05 18:36:16,645] multiqc                                            [DEBUG  ]  File ignored by rseqc/infer_experiment because it exceeded search pattern filesize limit: C4_2_trimm_paired_fastqc.html
[2026-05-05 18:36:16,750] multiqc                                            [DEBUG  ]  File ignored by hicexplorer because it exceeded search pattern filesize limit: Z1_2_trimm_paired_fastqc.html
[2026-05-05 18:36:16,753] multiqc                                            [DEBUG  ]  File ignored by longranger/invocation because it exceeded search pattern filesize limit: Z1_2_trimm_paired_fastqc.html
[2026-05-05 18:36:16,753] multiqc                                            [DEBUG  ]  File ignored by rockhopper because it exceeded search pattern filesize limit: Z1_2_trimm_paired_fastqc.html
[2026-05-05 18:36:16,753] multiqc                                            [DEBUG  ]  File ignored by rseqc/bam_stat because it exceeded search pattern filesize limit: Z1_2_trimm_paired_fastqc.html
[2026-05-05 18:36:16,753] multiqc                                            [DEBUG  ]  File ignored by rseqc/junction_annotation because it exceeded search pattern filesize limit: Z1_2_trimm_paired_fastqc.html
[2026-05-05 18:36:16,753] multiqc                                            [DEBUG  ]  File ignored by rseqc/read_distribution because it exceeded search pattern filesize limit: Z1_2_trimm_paired_fastqc.html
[2026-05-05 18:36:16,753] multiqc                                            [DEBUG  ]  File ignored by rseqc/infer_experiment because it exceeded search pattern filesize limit: Z1_2_trimm_paired_fastqc.html
[2026-05-05 18:36:16,822] multiqc                                            [DEBUG  ]  File ignored by hicexplorer because it exceeded search pattern filesize limit: In10_2_trimm_paired_fastqc.html
[2026-05-05 18:36:16,823] multiqc                                            [DEBUG  ]  File ignored by longranger/invocation because it exceeded search pattern filesize limit: In10_2_trimm_paired_fastqc.html
[2026-05-05 18:36:16,823] multiqc                                            [DEBUG  ]  File ignored by rockhopper because it exceeded search pattern filesize limit: In10_2_trimm_paired_fastqc.html
[2026-05-05 18:36:16,823] multiqc                                            [DEBUG  ]  File ignored by rseqc/bam_stat because it exceeded search pattern filesize limit: In10_2_trimm_paired_fastqc.html
[2026-05-05 18:36:16,823] multiqc                                            [DEBUG  ]  File ignored by rseqc/junction_annotation because it exceeded search pattern filesize limit: In10_2_trimm_paired_fastqc.html
[2026-05-05 18:36:16,824] multiqc                                            [DEBUG  ]  File ignored by rseqc/read_distribution because it exceeded search pattern filesize limit: In10_2_trimm_paired_fastqc.html
[2026-05-05 18:36:16,824] multiqc                                            [DEBUG  ]  File ignored by rseqc/infer_experiment because it exceeded search pattern filesize limit: In10_2_trimm_paired_fastqc.html
[2026-05-05 18:36:16,897] multiqc                                            [DEBUG  ]  File ignored by hicexplorer because it exceeded search pattern filesize limit: In6_1_trimm_paired_fastqc.html
[2026-05-05 18:36:16,899] multiqc                                            [DEBUG  ]  File ignored by longranger/invocation because it exceeded search pattern filesize limit: In6_1_trimm_paired_fastqc.html
[2026-05-05 18:36:16,899] multiqc                                            [DEBUG  ]  File ignored by rockhopper because it exceeded search pattern filesize limit: In6_1_trimm_paired_fastqc.html
[2026-05-05 18:36:16,899] multiqc                                            [DEBUG  ]  File ignored by rseqc/bam_stat because it exceeded search pattern filesize limit: In6_1_trimm_paired_fastqc.html
[2026-05-05 18:36:16,899] multiqc                                            [DEBUG  ]  File ignored by rseqc/junction_annotation because it exceeded search pattern filesize limit: In6_1_trimm_paired_fastqc.html
[2026-05-05 18:36:16,899] multiqc                                            [DEBUG  ]  File ignored by rseqc/read_distribution because it exceeded search pattern filesize limit: In6_1_trimm_paired_fastqc.html
[2026-05-05 18:36:16,899] multiqc                                            [DEBUG  ]  File ignored by rseqc/infer_experiment because it exceeded search pattern filesize limit: In6_1_trimm_paired_fastqc.html
[2026-05-05 18:36:16,975] multiqc                                            [DEBUG  ]  File ignored by hicexplorer because it exceeded search pattern filesize limit: Z9_2_trimm_paired_fastqc.html
[2026-05-05 18:36:16,977] multiqc                                            [DEBUG  ]  File ignored by longranger/invocation because it exceeded search pattern filesize limit: Z9_2_trimm_paired_fastqc.html
[2026-05-05 18:36:16,978] multiqc                                            [DEBUG  ]  File ignored by rockhopper because it exceeded search pattern filesize limit: Z9_2_trimm_paired_fastqc.html
[2026-05-05 18:36:16,978] multiqc                                            [DEBUG  ]  File ignored by rseqc/bam_stat because it exceeded search pattern filesize limit: Z9_2_trimm_paired_fastqc.html
[2026-05-05 18:36:16,978] multiqc                                            [DEBUG  ]  File ignored by rseqc/junction_annotation because it exceeded search pattern filesize limit: Z9_2_trimm_paired_fastqc.html
[2026-05-05 18:36:16,978] multiqc                                            [DEBUG  ]  File ignored by rseqc/read_distribution because it exceeded search pattern filesize limit: Z9_2_trimm_paired_fastqc.html
[2026-05-05 18:36:16,978] multiqc                                            [DEBUG  ]  File ignored by rseqc/infer_experiment because it exceeded search pattern filesize limit: Z9_2_trimm_paired_fastqc.html
[2026-05-05 18:36:17,075] multiqc                                            [DEBUG  ]  File ignored by hicexplorer because it exceeded search pattern filesize limit: C4_1_trimm_paired_fastqc.html
[2026-05-05 18:36:17,077] multiqc                                            [DEBUG  ]  File ignored by longranger/invocation because it exceeded search pattern filesize limit: C4_1_trimm_paired_fastqc.html
[2026-05-05 18:36:17,077] multiqc                                            [DEBUG  ]  File ignored by rockhopper because it exceeded search pattern filesize limit: C4_1_trimm_paired_fastqc.html
[2026-05-05 18:36:17,077] multiqc                                            [DEBUG  ]  File ignored by rseqc/bam_stat because it exceeded search pattern filesize limit: C4_1_trimm_paired_fastqc.html
[2026-05-05 18:36:17,078] multiqc                                            [DEBUG  ]  File ignored by rseqc/junction_annotation because it exceeded search pattern filesize limit: C4_1_trimm_paired_fastqc.html
[2026-05-05 18:36:17,078] multiqc                                            [DEBUG  ]  File ignored by rseqc/read_distribution because it exceeded search pattern filesize limit: C4_1_trimm_paired_fastqc.html
[2026-05-05 18:36:17,078] multiqc                                            [DEBUG  ]  File ignored by rseqc/infer_experiment because it exceeded search pattern filesize limit: C4_1_trimm_paired_fastqc.html
[2026-05-05 18:36:17,159] multiqc                                            [DEBUG  ]  File ignored by hicexplorer because it exceeded search pattern filesize limit: Z1_1_trimm_paired_fastqc.html
[2026-05-05 18:36:17,162] multiqc                                            [DEBUG  ]  File ignored by longranger/invocation because it exceeded search pattern filesize limit: Z1_1_trimm_paired_fastqc.html
[2026-05-05 18:36:17,162] multiqc                                            [DEBUG  ]  File ignored by rockhopper because it exceeded search pattern filesize limit: Z1_1_trimm_paired_fastqc.html
[2026-05-05 18:36:17,162] multiqc                                            [DEBUG  ]  File ignored by rseqc/bam_stat because it exceeded search pattern filesize limit: Z1_1_trimm_paired_fastqc.html
[2026-05-05 18:36:17,162] multiqc                                            [DEBUG  ]  File ignored by rseqc/junction_annotation because it exceeded search pattern filesize limit: Z1_1_trimm_paired_fastqc.html
[2026-05-05 18:36:17,162] multiqc                                            [DEBUG  ]  File ignored by rseqc/read_distribution because it exceeded search pattern filesize limit: Z1_1_trimm_paired_fastqc.html
[2026-05-05 18:36:17,162] multiqc                                            [DEBUG  ]  File ignored by rseqc/infer_experiment because it exceeded search pattern filesize limit: Z1_1_trimm_paired_fastqc.html
[2026-05-05 18:36:17,434] multiqc                                            [DEBUG  ]  File ignored by hicexplorer because it exceeded search pattern filesize limit: C9_2_trimm_paired_fastqc.html
[2026-05-05 18:36:17,435] multiqc                                            [DEBUG  ]  File ignored by longranger/invocation because it exceeded search pattern filesize limit: C9_2_trimm_paired_fastqc.html
[2026-05-05 18:36:17,435] multiqc                                            [DEBUG  ]  File ignored by rockhopper because it exceeded search pattern filesize limit: C9_2_trimm_paired_fastqc.html
[2026-05-05 18:36:17,435] multiqc                                            [DEBUG  ]  File ignored by rseqc/bam_stat because it exceeded search pattern filesize limit: C9_2_trimm_paired_fastqc.html
[2026-05-05 18:36:17,435] multiqc                                            [DEBUG  ]  File ignored by rseqc/junction_annotation because it exceeded search pattern filesize limit: C9_2_trimm_paired_fastqc.html
[2026-05-05 18:36:17,436] multiqc                                            [DEBUG  ]  File ignored by rseqc/read_distribution because it exceeded search pattern filesize limit: C9_2_trimm_paired_fastqc.html
[2026-05-05 18:36:17,436] multiqc                                            [DEBUG  ]  File ignored by rseqc/infer_experiment because it exceeded search pattern filesize limit: C9_2_trimm_paired_fastqc.html
[2026-05-05 18:36:17,523] multiqc                                            [DEBUG  ]  File ignored by hicexplorer because it exceeded search pattern filesize limit: Z10_2_trimm_paired_fastqc.html
[2026-05-05 18:36:17,525] multiqc                                            [DEBUG  ]  File ignored by longranger/invocation because it exceeded search pattern filesize limit: Z10_2_trimm_paired_fastqc.html
[2026-05-05 18:36:17,526] multiqc                                            [DEBUG  ]  File ignored by rockhopper because it exceeded search pattern filesize limit: Z10_2_trimm_paired_fastqc.html
[2026-05-05 18:36:17,526] multiqc                                            [DEBUG  ]  File ignored by rseqc/bam_stat because it exceeded search pattern filesize limit: Z10_2_trimm_paired_fastqc.html
[2026-05-05 18:36:17,526] multiqc                                            [DEBUG  ]  File ignored by rseqc/junction_annotation because it exceeded search pattern filesize limit: Z10_2_trimm_paired_fastqc.html
[2026-05-05 18:36:17,526] multiqc                                            [DEBUG  ]  File ignored by rseqc/read_distribution because it exceeded search pattern filesize limit: Z10_2_trimm_paired_fastqc.html
[2026-05-05 18:36:17,526] multiqc                                            [DEBUG  ]  File ignored by rseqc/infer_experiment because it exceeded search pattern filesize limit: Z10_2_trimm_paired_fastqc.html
[2026-05-05 18:36:17,735] multiqc                                            [DEBUG  ]  File ignored by hicexplorer because it exceeded search pattern filesize limit: In3_1_trimm_paired_fastqc.html
[2026-05-05 18:36:17,738] multiqc                                            [DEBUG  ]  File ignored by longranger/invocation because it exceeded search pattern filesize limit: In3_1_trimm_paired_fastqc.html
[2026-05-05 18:36:17,738] multiqc                                            [DEBUG  ]  File ignored by rockhopper because it exceeded search pattern filesize limit: In3_1_trimm_paired_fastqc.html
[2026-05-05 18:36:17,738] multiqc                                            [DEBUG  ]  File ignored by rseqc/bam_stat because it exceeded search pattern filesize limit: In3_1_trimm_paired_fastqc.html
[2026-05-05 18:36:17,738] multiqc                                            [DEBUG  ]  File ignored by rseqc/junction_annotation because it exceeded search pattern filesize limit: In3_1_trimm_paired_fastqc.html
[2026-05-05 18:36:17,738] multiqc                                            [DEBUG  ]  File ignored by rseqc/read_distribution because it exceeded search pattern filesize limit: In3_1_trimm_paired_fastqc.html
[2026-05-05 18:36:17,738] multiqc                                            [DEBUG  ]  File ignored by rseqc/infer_experiment because it exceeded search pattern filesize limit: In3_1_trimm_paired_fastqc.html
[2026-05-05 18:36:18,088] multiqc                                            [DEBUG  ]  File ignored by hicexplorer because it exceeded search pattern filesize limit: C1_1_trimm_paired_fastqc.html
[2026-05-05 18:36:18,090] multiqc                                            [DEBUG  ]  File ignored by longranger/invocation because it exceeded search pattern filesize limit: C1_1_trimm_paired_fastqc.html
[2026-05-05 18:36:18,090] multiqc                                            [DEBUG  ]  File ignored by rockhopper because it exceeded search pattern filesize limit: C1_1_trimm_paired_fastqc.html
[2026-05-05 18:36:18,090] multiqc                                            [DEBUG  ]  File ignored by rseqc/bam_stat because it exceeded search pattern filesize limit: C1_1_trimm_paired_fastqc.html
[2026-05-05 18:36:18,090] multiqc                                            [DEBUG  ]  File ignored by rseqc/junction_annotation because it exceeded search pattern filesize limit: C1_1_trimm_paired_fastqc.html
[2026-05-05 18:36:18,090] multiqc                                            [DEBUG  ]  File ignored by rseqc/read_distribution because it exceeded search pattern filesize limit: C1_1_trimm_paired_fastqc.html
[2026-05-05 18:36:18,091] multiqc                                            [DEBUG  ]  File ignored by rseqc/infer_experiment because it exceeded search pattern filesize limit: C1_1_trimm_paired_fastqc.html
[2026-05-05 18:36:18,187] multiqc                                            [DEBUG  ]  File ignored by hicexplorer because it exceeded search pattern filesize limit: Z4_1_trimm_paired_fastqc.html
[2026-05-05 18:36:18,190] multiqc                                            [DEBUG  ]  File ignored by longranger/invocation because it exceeded search pattern filesize limit: Z4_1_trimm_paired_fastqc.html
[2026-05-05 18:36:18,190] multiqc                                            [DEBUG  ]  File ignored by rockhopper because it exceeded search pattern filesize limit: Z4_1_trimm_paired_fastqc.html
[2026-05-05 18:36:18,190] multiqc                                            [DEBUG  ]  File ignored by rseqc/bam_stat because it exceeded search pattern filesize limit: Z4_1_trimm_paired_fastqc.html
[2026-05-05 18:36:18,190] multiqc                                            [DEBUG  ]  File ignored by rseqc/junction_annotation because it exceeded search pattern filesize limit: Z4_1_trimm_paired_fastqc.html
[2026-05-05 18:36:18,190] multiqc                                            [DEBUG  ]  File ignored by rseqc/read_distribution because it exceeded search pattern filesize limit: Z4_1_trimm_paired_fastqc.html
[2026-05-05 18:36:18,190] multiqc                                            [DEBUG  ]  File ignored by rseqc/infer_experiment because it exceeded search pattern filesize limit: Z4_1_trimm_paired_fastqc.html
[2026-05-05 18:36:18,280] multiqc                                            [DEBUG  ]  File ignored by hicexplorer because it exceeded search pattern filesize limit: Z10_1_trimm_paired_fastqc.html
[2026-05-05 18:36:18,282] multiqc                                            [DEBUG  ]  File ignored by longranger/invocation because it exceeded search pattern filesize limit: Z10_1_trimm_paired_fastqc.html
[2026-05-05 18:36:18,282] multiqc                                            [DEBUG  ]  File ignored by rockhopper because it exceeded search pattern filesize limit: Z10_1_trimm_paired_fastqc.html
[2026-05-05 18:36:18,283] multiqc                                            [DEBUG  ]  File ignored by rseqc/bam_stat because it exceeded search pattern filesize limit: Z10_1_trimm_paired_fastqc.html
[2026-05-05 18:36:18,283] multiqc                                            [DEBUG  ]  File ignored by rseqc/junction_annotation because it exceeded search pattern filesize limit: Z10_1_trimm_paired_fastqc.html
[2026-05-05 18:36:18,283] multiqc                                            [DEBUG  ]  File ignored by rseqc/read_distribution because it exceeded search pattern filesize limit: Z10_1_trimm_paired_fastqc.html
[2026-05-05 18:36:18,283] multiqc                                            [DEBUG  ]  File ignored by rseqc/infer_experiment because it exceeded search pattern filesize limit: Z10_1_trimm_paired_fastqc.html
[2026-05-05 18:36:18,380] multiqc                                            [DEBUG  ]  File ignored by hicexplorer because it exceeded search pattern filesize limit: In3_2_trimm_paired_fastqc.html
[2026-05-05 18:36:18,382] multiqc                                            [DEBUG  ]  File ignored by longranger/invocation because it exceeded search pattern filesize limit: In3_2_trimm_paired_fastqc.html
[2026-05-05 18:36:18,382] multiqc                                            [DEBUG  ]  File ignored by rockhopper because it exceeded search pattern filesize limit: In3_2_trimm_paired_fastqc.html
[2026-05-05 18:36:18,382] multiqc                                            [DEBUG  ]  File ignored by rseqc/bam_stat because it exceeded search pattern filesize limit: In3_2_trimm_paired_fastqc.html
[2026-05-05 18:36:18,382] multiqc                                            [DEBUG  ]  File ignored by rseqc/junction_annotation because it exceeded search pattern filesize limit: In3_2_trimm_paired_fastqc.html
[2026-05-05 18:36:18,382] multiqc                                            [DEBUG  ]  File ignored by rseqc/read_distribution because it exceeded search pattern filesize limit: In3_2_trimm_paired_fastqc.html
[2026-05-05 18:36:18,383] multiqc                                            [DEBUG  ]  File ignored by rseqc/infer_experiment because it exceeded search pattern filesize limit: In3_2_trimm_paired_fastqc.html
[2026-05-05 18:36:18,483] multiqc                                            [DEBUG  ]  File ignored by hicexplorer because it exceeded search pattern filesize limit: C9_1_trimm_paired_fastqc.html
[2026-05-05 18:36:18,485] multiqc                                            [DEBUG  ]  File ignored by longranger/invocation because it exceeded search pattern filesize limit: C9_1_trimm_paired_fastqc.html
[2026-05-05 18:36:18,485] multiqc                                            [DEBUG  ]  File ignored by rockhopper because it exceeded search pattern filesize limit: C9_1_trimm_paired_fastqc.html
[2026-05-05 18:36:18,485] multiqc                                            [DEBUG  ]  File ignored by rseqc/bam_stat because it exceeded search pattern filesize limit: C9_1_trimm_paired_fastqc.html
[2026-05-05 18:36:18,486] multiqc                                            [DEBUG  ]  File ignored by rseqc/junction_annotation because it exceeded search pattern filesize limit: C9_1_trimm_paired_fastqc.html
[2026-05-05 18:36:18,486] multiqc                                            [DEBUG  ]  File ignored by rseqc/read_distribution because it exceeded search pattern filesize limit: C9_1_trimm_paired_fastqc.html
[2026-05-05 18:36:18,486] multiqc                                            [DEBUG  ]  File ignored by rseqc/infer_experiment because it exceeded search pattern filesize limit: C9_1_trimm_paired_fastqc.html
[2026-05-05 18:36:18,581] multiqc                                            [DEBUG  ]  File ignored by hicexplorer because it exceeded search pattern filesize limit: C1_2_trimm_paired_fastqc.html
[2026-05-05 18:36:18,583] multiqc                                            [DEBUG  ]  File ignored by longranger/invocation because it exceeded search pattern filesize limit: C1_2_trimm_paired_fastqc.html
[2026-05-05 18:36:18,583] multiqc                                            [DEBUG  ]  File ignored by rockhopper because it exceeded search pattern filesize limit: C1_2_trimm_paired_fastqc.html
[2026-05-05 18:36:18,583] multiqc                                            [DEBUG  ]  File ignored by rseqc/bam_stat because it exceeded search pattern filesize limit: C1_2_trimm_paired_fastqc.html
[2026-05-05 18:36:18,584] multiqc                                            [DEBUG  ]  File ignored by rseqc/junction_annotation because it exceeded search pattern filesize limit: C1_2_trimm_paired_fastqc.html
[2026-05-05 18:36:18,584] multiqc                                            [DEBUG  ]  File ignored by rseqc/read_distribution because it exceeded search pattern filesize limit: C1_2_trimm_paired_fastqc.html
[2026-05-05 18:36:18,584] multiqc                                            [DEBUG  ]  File ignored by rseqc/infer_experiment because it exceeded search pattern filesize limit: C1_2_trimm_paired_fastqc.html
[2026-05-05 18:36:18,662] multiqc                                            [DEBUG  ]  File ignored by hicexplorer because it exceeded search pattern filesize limit: Z4_2_trimm_paired_fastqc.html
[2026-05-05 18:36:18,664] multiqc                                            [DEBUG  ]  File ignored by longranger/invocation because it exceeded search pattern filesize limit: Z4_2_trimm_paired_fastqc.html
[2026-05-05 18:36:18,665] multiqc                                            [DEBUG  ]  File ignored by rockhopper because it exceeded search pattern filesize limit: Z4_2_trimm_paired_fastqc.html
[2026-05-05 18:36:18,665] multiqc                                            [DEBUG  ]  File ignored by rseqc/bam_stat because it exceeded search pattern filesize limit: Z4_2_trimm_paired_fastqc.html
[2026-05-05 18:36:18,665] multiqc                                            [DEBUG  ]  File ignored by rseqc/junction_annotation because it exceeded search pattern filesize limit: Z4_2_trimm_paired_fastqc.html
[2026-05-05 18:36:18,665] multiqc                                            [DEBUG  ]  File ignored by rseqc/read_distribution because it exceeded search pattern filesize limit: Z4_2_trimm_paired_fastqc.html
[2026-05-05 18:36:18,665] multiqc                                            [DEBUG  ]  File ignored by rseqc/infer_experiment because it exceeded search pattern filesize limit: Z4_2_trimm_paired_fastqc.html
[2026-05-05 18:36:18,821] multiqc                                            [DEBUG  ]  File ignored by hicexplorer because it exceeded search pattern filesize limit: In2_2_trimm_paired_fastqc.html
[2026-05-05 18:36:18,823] multiqc                                            [DEBUG  ]  File ignored by longranger/invocation because it exceeded search pattern filesize limit: In2_2_trimm_paired_fastqc.html
[2026-05-05 18:36:18,824] multiqc                                            [DEBUG  ]  File ignored by rockhopper because it exceeded search pattern filesize limit: In2_2_trimm_paired_fastqc.html
[2026-05-05 18:36:18,824] multiqc                                            [DEBUG  ]  File ignored by rseqc/bam_stat because it exceeded search pattern filesize limit: In2_2_trimm_paired_fastqc.html
[2026-05-05 18:36:18,824] multiqc                                            [DEBUG  ]  File ignored by rseqc/junction_annotation because it exceeded search pattern filesize limit: In2_2_trimm_paired_fastqc.html
[2026-05-05 18:36:18,824] multiqc                                            [DEBUG  ]  File ignored by rseqc/read_distribution because it exceeded search pattern filesize limit: In2_2_trimm_paired_fastqc.html
[2026-05-05 18:36:18,824] multiqc                                            [DEBUG  ]  File ignored by rseqc/infer_experiment because it exceeded search pattern filesize limit: In2_2_trimm_paired_fastqc.html
[2026-05-05 18:36:20,239] multiqc                                            [DEBUG  ]  File ignored by hicexplorer because it exceeded search pattern filesize limit: Z11_1_trimm_paired_fastqc.html
[2026-05-05 18:36:20,242] multiqc                                            [DEBUG  ]  File ignored by longranger/invocation because it exceeded search pattern filesize limit: Z11_1_trimm_paired_fastqc.html
[2026-05-05 18:36:20,242] multiqc                                            [DEBUG  ]  File ignored by rockhopper because it exceeded search pattern filesize limit: Z11_1_trimm_paired_fastqc.html
[2026-05-05 18:36:20,242] multiqc                                            [DEBUG  ]  File ignored by rseqc/bam_stat because it exceeded search pattern filesize limit: Z11_1_trimm_paired_fastqc.html
[2026-05-05 18:36:20,242] multiqc                                            [DEBUG  ]  File ignored by rseqc/junction_annotation because it exceeded search pattern filesize limit: Z11_1_trimm_paired_fastqc.html
[2026-05-05 18:36:20,242] multiqc                                            [DEBUG  ]  File ignored by rseqc/read_distribution because it exceeded search pattern filesize limit: Z11_1_trimm_paired_fastqc.html
[2026-05-05 18:36:20,242] multiqc                                            [DEBUG  ]  File ignored by rseqc/infer_experiment because it exceeded search pattern filesize limit: Z11_1_trimm_paired_fastqc.html
[2026-05-05 18:36:20,324] multiqc                                            [DEBUG  ]  File ignored by hicexplorer because it exceeded search pattern filesize limit: C8_1_trimm_paired_fastqc.html
[2026-05-05 18:36:20,327] multiqc                                            [DEBUG  ]  File ignored by longranger/invocation because it exceeded search pattern filesize limit: C8_1_trimm_paired_fastqc.html
[2026-05-05 18:36:20,327] multiqc                                            [DEBUG  ]  File ignored by rockhopper because it exceeded search pattern filesize limit: C8_1_trimm_paired_fastqc.html
[2026-05-05 18:36:20,327] multiqc                                            [DEBUG  ]  File ignored by rseqc/bam_stat because it exceeded search pattern filesize limit: C8_1_trimm_paired_fastqc.html
[2026-05-05 18:36:20,327] multiqc                                            [DEBUG  ]  File ignored by rseqc/junction_annotation because it exceeded search pattern filesize limit: C8_1_trimm_paired_fastqc.html
[2026-05-05 18:36:20,327] multiqc                                            [DEBUG  ]  File ignored by rseqc/read_distribution because it exceeded search pattern filesize limit: C8_1_trimm_paired_fastqc.html
[2026-05-05 18:36:20,327] multiqc                                            [DEBUG  ]  File ignored by rseqc/infer_experiment because it exceeded search pattern filesize limit: C8_1_trimm_paired_fastqc.html
[2026-05-05 18:36:20,504] multiqc                                            [DEBUG  ]  File ignored by hicexplorer because it exceeded search pattern filesize limit: Z5_2_trimm_paired_fastqc.html
[2026-05-05 18:36:20,507] multiqc                                            [DEBUG  ]  File ignored by longranger/invocation because it exceeded search pattern filesize limit: Z5_2_trimm_paired_fastqc.html
[2026-05-05 18:36:20,507] multiqc                                            [DEBUG  ]  File ignored by rockhopper because it exceeded search pattern filesize limit: Z5_2_trimm_paired_fastqc.html
[2026-05-05 18:36:20,507] multiqc                                            [DEBUG  ]  File ignored by rseqc/bam_stat because it exceeded search pattern filesize limit: Z5_2_trimm_paired_fastqc.html
[2026-05-05 18:36:20,507] multiqc                                            [DEBUG  ]  File ignored by rseqc/junction_annotation because it exceeded search pattern filesize limit: Z5_2_trimm_paired_fastqc.html
[2026-05-05 18:36:20,507] multiqc                                            [DEBUG  ]  File ignored by rseqc/read_distribution because it exceeded search pattern filesize limit: Z5_2_trimm_paired_fastqc.html
[2026-05-05 18:36:20,507] multiqc                                            [DEBUG  ]  File ignored by rseqc/infer_experiment because it exceeded search pattern filesize limit: Z5_2_trimm_paired_fastqc.html
[2026-05-05 18:36:20,637] multiqc                                            [DEBUG  ]  File ignored by hicexplorer because it exceeded search pattern filesize limit: C8_2_trimm_paired_fastqc.html
[2026-05-05 18:36:20,640] multiqc                                            [DEBUG  ]  File ignored by longranger/invocation because it exceeded search pattern filesize limit: C8_2_trimm_paired_fastqc.html
[2026-05-05 18:36:20,640] multiqc                                            [DEBUG  ]  File ignored by rockhopper because it exceeded search pattern filesize limit: C8_2_trimm_paired_fastqc.html
[2026-05-05 18:36:20,640] multiqc                                            [DEBUG  ]  File ignored by rseqc/bam_stat because it exceeded search pattern filesize limit: C8_2_trimm_paired_fastqc.html
[2026-05-05 18:36:20,640] multiqc                                            [DEBUG  ]  File ignored by rseqc/junction_annotation because it exceeded search pattern filesize limit: C8_2_trimm_paired_fastqc.html
[2026-05-05 18:36:20,640] multiqc                                            [DEBUG  ]  File ignored by rseqc/read_distribution because it exceeded search pattern filesize limit: C8_2_trimm_paired_fastqc.html
[2026-05-05 18:36:20,640] multiqc                                            [DEBUG  ]  File ignored by rseqc/infer_experiment because it exceeded search pattern filesize limit: C8_2_trimm_paired_fastqc.html
[2026-05-05 18:36:20,731] multiqc                                            [DEBUG  ]  File ignored by hicexplorer because it exceeded search pattern filesize limit: In2_1_trimm_paired_fastqc.html
[2026-05-05 18:36:20,734] multiqc                                            [DEBUG  ]  File ignored by longranger/invocation because it exceeded search pattern filesize limit: In2_1_trimm_paired_fastqc.html
[2026-05-05 18:36:20,734] multiqc                                            [DEBUG  ]  File ignored by rockhopper because it exceeded search pattern filesize limit: In2_1_trimm_paired_fastqc.html
[2026-05-05 18:36:20,734] multiqc                                            [DEBUG  ]  File ignored by rseqc/bam_stat because it exceeded search pattern filesize limit: In2_1_trimm_paired_fastqc.html
[2026-05-05 18:36:20,734] multiqc                                            [DEBUG  ]  File ignored by rseqc/junction_annotation because it exceeded search pattern filesize limit: In2_1_trimm_paired_fastqc.html
[2026-05-05 18:36:20,734] multiqc                                            [DEBUG  ]  File ignored by rseqc/read_distribution because it exceeded search pattern filesize limit: In2_1_trimm_paired_fastqc.html
[2026-05-05 18:36:20,734] multiqc                                            [DEBUG  ]  File ignored by rseqc/infer_experiment because it exceeded search pattern filesize limit: In2_1_trimm_paired_fastqc.html
[2026-05-05 18:36:20,818] multiqc                                            [DEBUG  ]  File ignored by hicexplorer because it exceeded search pattern filesize limit: Z11_2_trimm_paired_fastqc.html
[2026-05-05 18:36:20,820] multiqc                                            [DEBUG  ]  File ignored by longranger/invocation because it exceeded search pattern filesize limit: Z11_2_trimm_paired_fastqc.html
[2026-05-05 18:36:20,821] multiqc                                            [DEBUG  ]  File ignored by rockhopper because it exceeded search pattern filesize limit: Z11_2_trimm_paired_fastqc.html
[2026-05-05 18:36:20,821] multiqc                                            [DEBUG  ]  File ignored by rseqc/bam_stat because it exceeded search pattern filesize limit: Z11_2_trimm_paired_fastqc.html
[2026-05-05 18:36:20,821] multiqc                                            [DEBUG  ]  File ignored by rseqc/junction_annotation because it exceeded search pattern filesize limit: Z11_2_trimm_paired_fastqc.html
[2026-05-05 18:36:20,821] multiqc                                            [DEBUG  ]  File ignored by rseqc/read_distribution because it exceeded search pattern filesize limit: Z11_2_trimm_paired_fastqc.html
[2026-05-05 18:36:20,821] multiqc                                            [DEBUG  ]  File ignored by rseqc/infer_experiment because it exceeded search pattern filesize limit: Z11_2_trimm_paired_fastqc.html
[2026-05-05 18:36:20,906] multiqc                                            [DEBUG  ]  File ignored by hicexplorer because it exceeded search pattern filesize limit: Z5_1_trimm_paired_fastqc.html
[2026-05-05 18:36:20,909] multiqc                                            [DEBUG  ]  File ignored by longranger/invocation because it exceeded search pattern filesize limit: Z5_1_trimm_paired_fastqc.html
[2026-05-05 18:36:20,909] multiqc                                            [DEBUG  ]  File ignored by rockhopper because it exceeded search pattern filesize limit: Z5_1_trimm_paired_fastqc.html
[2026-05-05 18:36:20,909] multiqc                                            [DEBUG  ]  File ignored by rseqc/bam_stat because it exceeded search pattern filesize limit: Z5_1_trimm_paired_fastqc.html
[2026-05-05 18:36:20,909] multiqc                                            [DEBUG  ]  File ignored by rseqc/junction_annotation because it exceeded search pattern filesize limit: Z5_1_trimm_paired_fastqc.html
[2026-05-05 18:36:20,909] multiqc                                            [DEBUG  ]  File ignored by rseqc/read_distribution because it exceeded search pattern filesize limit: Z5_1_trimm_paired_fastqc.html
[2026-05-05 18:36:20,909] multiqc                                            [DEBUG  ]  File ignored by rseqc/infer_experiment because it exceeded search pattern filesize limit: Z5_1_trimm_paired_fastqc.html
[2026-05-05 18:36:21,005] multiqc                                            [DEBUG  ]  File ignored by hicexplorer because it exceeded search pattern filesize limit: In8_1_trimm_paired_fastqc.html
[2026-05-05 18:36:21,008] multiqc                                            [DEBUG  ]  File ignored by longranger/invocation because it exceeded search pattern filesize limit: In8_1_trimm_paired_fastqc.html
[2026-05-05 18:36:21,008] multiqc                                            [DEBUG  ]  File ignored by rockhopper because it exceeded search pattern filesize limit: In8_1_trimm_paired_fastqc.html
[2026-05-05 18:36:21,008] multiqc                                            [DEBUG  ]  File ignored by rseqc/bam_stat because it exceeded search pattern filesize limit: In8_1_trimm_paired_fastqc.html
[2026-05-05 18:36:21,008] multiqc                                            [DEBUG  ]  File ignored by rseqc/junction_annotation because it exceeded search pattern filesize limit: In8_1_trimm_paired_fastqc.html
[2026-05-05 18:36:21,008] multiqc                                            [DEBUG  ]  File ignored by rseqc/read_distribution because it exceeded search pattern filesize limit: In8_1_trimm_paired_fastqc.html
[2026-05-05 18:36:21,008] multiqc                                            [DEBUG  ]  File ignored by rseqc/infer_experiment because it exceeded search pattern filesize limit: In8_1_trimm_paired_fastqc.html
[2026-05-05 18:36:21,098] multiqc                                            [DEBUG  ]  File ignored by hicexplorer because it exceeded search pattern filesize limit: C2_2_trimm_paired_fastqc.html
[2026-05-05 18:36:21,100] multiqc                                            [DEBUG  ]  File ignored by longranger/invocation because it exceeded search pattern filesize limit: C2_2_trimm_paired_fastqc.html
[2026-05-05 18:36:21,100] multiqc                                            [DEBUG  ]  File ignored by rockhopper because it exceeded search pattern filesize limit: C2_2_trimm_paired_fastqc.html
[2026-05-05 18:36:21,100] multiqc                                            [DEBUG  ]  File ignored by rseqc/bam_stat because it exceeded search pattern filesize limit: C2_2_trimm_paired_fastqc.html
[2026-05-05 18:36:21,100] multiqc                                            [DEBUG  ]  File ignored by rseqc/junction_annotation because it exceeded search pattern filesize limit: C2_2_trimm_paired_fastqc.html
[2026-05-05 18:36:21,100] multiqc                                            [DEBUG  ]  File ignored by rseqc/read_distribution because it exceeded search pattern filesize limit: C2_2_trimm_paired_fastqc.html
[2026-05-05 18:36:21,100] multiqc                                            [DEBUG  ]  File ignored by rseqc/infer_experiment because it exceeded search pattern filesize limit: C2_2_trimm_paired_fastqc.html
[2026-05-05 18:36:21,181] multiqc                                            [DEBUG  ]  File ignored by hicexplorer because it exceeded search pattern filesize limit: Z7_2_trimm_paired_fastqc.html
[2026-05-05 18:36:21,184] multiqc                                            [DEBUG  ]  File ignored by longranger/invocation because it exceeded search pattern filesize limit: Z7_2_trimm_paired_fastqc.html
[2026-05-05 18:36:21,184] multiqc                                            [DEBUG  ]  File ignored by rockhopper because it exceeded search pattern filesize limit: Z7_2_trimm_paired_fastqc.html
[2026-05-05 18:36:21,184] multiqc                                            [DEBUG  ]  File ignored by rseqc/bam_stat because it exceeded search pattern filesize limit: Z7_2_trimm_paired_fastqc.html
[2026-05-05 18:36:21,184] multiqc                                            [DEBUG  ]  File ignored by rseqc/junction_annotation because it exceeded search pattern filesize limit: Z7_2_trimm_paired_fastqc.html
[2026-05-05 18:36:21,184] multiqc                                            [DEBUG  ]  File ignored by rseqc/read_distribution because it exceeded search pattern filesize limit: Z7_2_trimm_paired_fastqc.html
[2026-05-05 18:36:21,184] multiqc                                            [DEBUG  ]  File ignored by rseqc/infer_experiment because it exceeded search pattern filesize limit: Z7_2_trimm_paired_fastqc.html
[2026-05-05 18:36:21,269] multiqc                                            [DEBUG  ]  File ignored by hicexplorer because it exceeded search pattern filesize limit: C2_1_trimm_paired_fastqc.html
[2026-05-05 18:36:21,271] multiqc                                            [DEBUG  ]  File ignored by longranger/invocation because it exceeded search pattern filesize limit: C2_1_trimm_paired_fastqc.html
[2026-05-05 18:36:21,271] multiqc                                            [DEBUG  ]  File ignored by rockhopper because it exceeded search pattern filesize limit: C2_1_trimm_paired_fastqc.html
[2026-05-05 18:36:21,271] multiqc                                            [DEBUG  ]  File ignored by rseqc/bam_stat because it exceeded search pattern filesize limit: C2_1_trimm_paired_fastqc.html
[2026-05-05 18:36:21,271] multiqc                                            [DEBUG  ]  File ignored by rseqc/junction_annotation because it exceeded search pattern filesize limit: C2_1_trimm_paired_fastqc.html
[2026-05-05 18:36:21,271] multiqc                                            [DEBUG  ]  File ignored by rseqc/read_distribution because it exceeded search pattern filesize limit: C2_1_trimm_paired_fastqc.html
[2026-05-05 18:36:21,271] multiqc                                            [DEBUG  ]  File ignored by rseqc/infer_experiment because it exceeded search pattern filesize limit: C2_1_trimm_paired_fastqc.html
[2026-05-05 18:36:21,350] multiqc                                            [DEBUG  ]  File ignored by hicexplorer because it exceeded search pattern filesize limit: Z7_1_trimm_paired_fastqc.html
[2026-05-05 18:36:21,352] multiqc                                            [DEBUG  ]  File ignored by longranger/invocation because it exceeded search pattern filesize limit: Z7_1_trimm_paired_fastqc.html
[2026-05-05 18:36:21,353] multiqc                                            [DEBUG  ]  File ignored by rockhopper because it exceeded search pattern filesize limit: Z7_1_trimm_paired_fastqc.html
[2026-05-05 18:36:21,353] multiqc                                            [DEBUG  ]  File ignored by rseqc/bam_stat because it exceeded search pattern filesize limit: Z7_1_trimm_paired_fastqc.html
[2026-05-05 18:36:21,353] multiqc                                            [DEBUG  ]  File ignored by rseqc/junction_annotation because it exceeded search pattern filesize limit: Z7_1_trimm_paired_fastqc.html
[2026-05-05 18:36:21,353] multiqc                                            [DEBUG  ]  File ignored by rseqc/read_distribution because it exceeded search pattern filesize limit: Z7_1_trimm_paired_fastqc.html
[2026-05-05 18:36:21,353] multiqc                                            [DEBUG  ]  File ignored by rseqc/infer_experiment because it exceeded search pattern filesize limit: Z7_1_trimm_paired_fastqc.html
[2026-05-05 18:36:21,432] multiqc                                            [DEBUG  ]  File ignored by hicexplorer because it exceeded search pattern filesize limit: In8_2_trimm_paired_fastqc.html
[2026-05-05 18:36:21,435] multiqc                                            [DEBUG  ]  File ignored by longranger/invocation because it exceeded search pattern filesize limit: In8_2_trimm_paired_fastqc.html
[2026-05-05 18:36:21,435] multiqc                                            [DEBUG  ]  File ignored by rockhopper because it exceeded search pattern filesize limit: In8_2_trimm_paired_fastqc.html
[2026-05-05 18:36:21,435] multiqc                                            [DEBUG  ]  File ignored by rseqc/bam_stat because it exceeded search pattern filesize limit: In8_2_trimm_paired_fastqc.html
[2026-05-05 18:36:21,435] multiqc                                            [DEBUG  ]  File ignored by rseqc/junction_annotation because it exceeded search pattern filesize limit: In8_2_trimm_paired_fastqc.html
[2026-05-05 18:36:21,435] multiqc                                            [DEBUG  ]  File ignored by rseqc/read_distribution because it exceeded search pattern filesize limit: In8_2_trimm_paired_fastqc.html
[2026-05-05 18:36:21,435] multiqc                                            [DEBUG  ]  File ignored by rseqc/infer_experiment because it exceeded search pattern filesize limit: In8_2_trimm_paired_fastqc.html
[2026-05-05 18:36:21,518] multiqc                                            [DEBUG  ]  File ignored by hicexplorer because it exceeded search pattern filesize limit: In1_1_trimm_paired_fastqc.html
[2026-05-05 18:36:21,521] multiqc                                            [DEBUG  ]  File ignored by longranger/invocation because it exceeded search pattern filesize limit: In1_1_trimm_paired_fastqc.html
[2026-05-05 18:36:21,521] multiqc                                            [DEBUG  ]  File ignored by rockhopper because it exceeded search pattern filesize limit: In1_1_trimm_paired_fastqc.html
[2026-05-05 18:36:21,521] multiqc                                            [DEBUG  ]  File ignored by rseqc/bam_stat because it exceeded search pattern filesize limit: In1_1_trimm_paired_fastqc.html
[2026-05-05 18:36:21,521] multiqc                                            [DEBUG  ]  File ignored by rseqc/junction_annotation because it exceeded search pattern filesize limit: In1_1_trimm_paired_fastqc.html
[2026-05-05 18:36:21,521] multiqc                                            [DEBUG  ]  File ignored by rseqc/read_distribution because it exceeded search pattern filesize limit: In1_1_trimm_paired_fastqc.html
[2026-05-05 18:36:21,521] multiqc                                            [DEBUG  ]  File ignored by rseqc/infer_experiment because it exceeded search pattern filesize limit: In1_1_trimm_paired_fastqc.html
[2026-05-05 18:36:21,611] multiqc                                            [DEBUG  ]  File ignored by hicexplorer because it exceeded search pattern filesize limit: Z12_2_trimm_paired_fastqc.html
[2026-05-05 18:36:21,614] multiqc                                            [DEBUG  ]  File ignored by longranger/invocation because it exceeded search pattern filesize limit: Z12_2_trimm_paired_fastqc.html
[2026-05-05 18:36:21,614] multiqc                                            [DEBUG  ]  File ignored by rockhopper because it exceeded search pattern filesize limit: Z12_2_trimm_paired_fastqc.html
[2026-05-05 18:36:21,614] multiqc                                            [DEBUG  ]  File ignored by rseqc/bam_stat because it exceeded search pattern filesize limit: Z12_2_trimm_paired_fastqc.html
[2026-05-05 18:36:21,614] multiqc                                            [DEBUG  ]  File ignored by rseqc/junction_annotation because it exceeded search pattern filesize limit: Z12_2_trimm_paired_fastqc.html
[2026-05-05 18:36:21,614] multiqc                                            [DEBUG  ]  File ignored by rseqc/read_distribution because it exceeded search pattern filesize limit: Z12_2_trimm_paired_fastqc.html
[2026-05-05 18:36:21,614] multiqc                                            [DEBUG  ]  File ignored by rseqc/infer_experiment because it exceeded search pattern filesize limit: Z12_2_trimm_paired_fastqc.html
[2026-05-05 18:36:21,698] multiqc                                            [DEBUG  ]  File ignored by hicexplorer because it exceeded search pattern filesize limit: Z6_1_trimm_paired_fastqc.html
[2026-05-05 18:36:21,701] multiqc                                            [DEBUG  ]  File ignored by longranger/invocation because it exceeded search pattern filesize limit: Z6_1_trimm_paired_fastqc.html
[2026-05-05 18:36:21,701] multiqc                                            [DEBUG  ]  File ignored by rockhopper because it exceeded search pattern filesize limit: Z6_1_trimm_paired_fastqc.html
[2026-05-05 18:36:21,701] multiqc                                            [DEBUG  ]  File ignored by rseqc/bam_stat because it exceeded search pattern filesize limit: Z6_1_trimm_paired_fastqc.html
[2026-05-05 18:36:21,701] multiqc                                            [DEBUG  ]  File ignored by rseqc/junction_annotation because it exceeded search pattern filesize limit: Z6_1_trimm_paired_fastqc.html
[2026-05-05 18:36:21,701] multiqc                                            [DEBUG  ]  File ignored by rseqc/read_distribution because it exceeded search pattern filesize limit: Z6_1_trimm_paired_fastqc.html
[2026-05-05 18:36:21,701] multiqc                                            [DEBUG  ]  File ignored by rseqc/infer_experiment because it exceeded search pattern filesize limit: Z6_1_trimm_paired_fastqc.html
[2026-05-05 18:36:21,812] multiqc                                            [DEBUG  ]  File ignored by hicexplorer because it exceeded search pattern filesize limit: C3_1_trimm_paired_fastqc.html
[2026-05-05 18:36:21,815] multiqc                                            [DEBUG  ]  File ignored by longranger/invocation because it exceeded search pattern filesize limit: C3_1_trimm_paired_fastqc.html
[2026-05-05 18:36:21,815] multiqc                                            [DEBUG  ]  File ignored by rockhopper because it exceeded search pattern filesize limit: C3_1_trimm_paired_fastqc.html
[2026-05-05 18:36:21,815] multiqc                                            [DEBUG  ]  File ignored by rseqc/bam_stat because it exceeded search pattern filesize limit: C3_1_trimm_paired_fastqc.html
[2026-05-05 18:36:21,815] multiqc                                            [DEBUG  ]  File ignored by rseqc/junction_annotation because it exceeded search pattern filesize limit: C3_1_trimm_paired_fastqc.html
[2026-05-05 18:36:21,815] multiqc                                            [DEBUG  ]  File ignored by rseqc/read_distribution because it exceeded search pattern filesize limit: C3_1_trimm_paired_fastqc.html
[2026-05-05 18:36:21,815] multiqc                                            [DEBUG  ]  File ignored by rseqc/infer_experiment because it exceeded search pattern filesize limit: C3_1_trimm_paired_fastqc.html
[2026-05-05 18:36:21,896] multiqc                                            [DEBUG  ]  File ignored by hicexplorer because it exceeded search pattern filesize limit: In9_2_trimm_paired_fastqc.html
[2026-05-05 18:36:21,898] multiqc                                            [DEBUG  ]  File ignored by longranger/invocation because it exceeded search pattern filesize limit: In9_2_trimm_paired_fastqc.html
[2026-05-05 18:36:21,898] multiqc                                            [DEBUG  ]  File ignored by rockhopper because it exceeded search pattern filesize limit: In9_2_trimm_paired_fastqc.html
[2026-05-05 18:36:21,899] multiqc                                            [DEBUG  ]  File ignored by rseqc/bam_stat because it exceeded search pattern filesize limit: In9_2_trimm_paired_fastqc.html
[2026-05-05 18:36:21,899] multiqc                                            [DEBUG  ]  File ignored by rseqc/junction_annotation because it exceeded search pattern filesize limit: In9_2_trimm_paired_fastqc.html
[2026-05-05 18:36:21,899] multiqc                                            [DEBUG  ]  File ignored by rseqc/read_distribution because it exceeded search pattern filesize limit: In9_2_trimm_paired_fastqc.html
[2026-05-05 18:36:21,899] multiqc                                            [DEBUG  ]  File ignored by rseqc/infer_experiment because it exceeded search pattern filesize limit: In9_2_trimm_paired_fastqc.html
[2026-05-05 18:36:21,977] multiqc                                            [DEBUG  ]  File ignored by hicexplorer because it exceeded search pattern filesize limit: In1_2_trimm_paired_fastqc.html
[2026-05-05 18:36:21,979] multiqc                                            [DEBUG  ]  File ignored by longranger/invocation because it exceeded search pattern filesize limit: In1_2_trimm_paired_fastqc.html
[2026-05-05 18:36:21,980] multiqc                                            [DEBUG  ]  File ignored by rockhopper because it exceeded search pattern filesize limit: In1_2_trimm_paired_fastqc.html
[2026-05-05 18:36:21,980] multiqc                                            [DEBUG  ]  File ignored by rseqc/bam_stat because it exceeded search pattern filesize limit: In1_2_trimm_paired_fastqc.html
[2026-05-05 18:36:21,980] multiqc                                            [DEBUG  ]  File ignored by rseqc/junction_annotation because it exceeded search pattern filesize limit: In1_2_trimm_paired_fastqc.html
[2026-05-05 18:36:21,980] multiqc                                            [DEBUG  ]  File ignored by rseqc/read_distribution because it exceeded search pattern filesize limit: In1_2_trimm_paired_fastqc.html
[2026-05-05 18:36:21,980] multiqc                                            [DEBUG  ]  File ignored by rseqc/infer_experiment because it exceeded search pattern filesize limit: In1_2_trimm_paired_fastqc.html
[2026-05-05 18:36:22,121] multiqc                                            [DEBUG  ]  File ignored by hicexplorer because it exceeded search pattern filesize limit: Z12_1_trimm_paired_fastqc.html
[2026-05-05 18:36:22,122] multiqc                                            [DEBUG  ]  File ignored by longranger/invocation because it exceeded search pattern filesize limit: Z12_1_trimm_paired_fastqc.html
[2026-05-05 18:36:22,122] multiqc                                            [DEBUG  ]  File ignored by rockhopper because it exceeded search pattern filesize limit: Z12_1_trimm_paired_fastqc.html
[2026-05-05 18:36:22,122] multiqc                                            [DEBUG  ]  File ignored by rseqc/bam_stat because it exceeded search pattern filesize limit: Z12_1_trimm_paired_fastqc.html
[2026-05-05 18:36:22,122] multiqc                                            [DEBUG  ]  File ignored by rseqc/junction_annotation because it exceeded search pattern filesize limit: Z12_1_trimm_paired_fastqc.html
[2026-05-05 18:36:22,122] multiqc                                            [DEBUG  ]  File ignored by rseqc/read_distribution because it exceeded search pattern filesize limit: Z12_1_trimm_paired_fastqc.html
[2026-05-05 18:36:22,123] multiqc                                            [DEBUG  ]  File ignored by rseqc/infer_experiment because it exceeded search pattern filesize limit: Z12_1_trimm_paired_fastqc.html
[2026-05-05 18:36:22,263] multiqc                                            [DEBUG  ]  File ignored by hicexplorer because it exceeded search pattern filesize limit: In9_1_trimm_paired_fastqc.html
[2026-05-05 18:36:22,265] multiqc                                            [DEBUG  ]  File ignored by longranger/invocation because it exceeded search pattern filesize limit: In9_1_trimm_paired_fastqc.html
[2026-05-05 18:36:22,266] multiqc                                            [DEBUG  ]  File ignored by rockhopper because it exceeded search pattern filesize limit: In9_1_trimm_paired_fastqc.html
[2026-05-05 18:36:22,266] multiqc                                            [DEBUG  ]  File ignored by rseqc/bam_stat because it exceeded search pattern filesize limit: In9_1_trimm_paired_fastqc.html
[2026-05-05 18:36:22,266] multiqc                                            [DEBUG  ]  File ignored by rseqc/junction_annotation because it exceeded search pattern filesize limit: In9_1_trimm_paired_fastqc.html
[2026-05-05 18:36:22,266] multiqc                                            [DEBUG  ]  File ignored by rseqc/read_distribution because it exceeded search pattern filesize limit: In9_1_trimm_paired_fastqc.html
[2026-05-05 18:36:22,266] multiqc                                            [DEBUG  ]  File ignored by rseqc/infer_experiment because it exceeded search pattern filesize limit: In9_1_trimm_paired_fastqc.html
[2026-05-05 18:36:22,357] multiqc                                            [DEBUG  ]  File ignored by hicexplorer because it exceeded search pattern filesize limit: Z6_2_trimm_paired_fastqc.html
[2026-05-05 18:36:22,360] multiqc                                            [DEBUG  ]  File ignored by longranger/invocation because it exceeded search pattern filesize limit: Z6_2_trimm_paired_fastqc.html
[2026-05-05 18:36:22,360] multiqc                                            [DEBUG  ]  File ignored by rockhopper because it exceeded search pattern filesize limit: Z6_2_trimm_paired_fastqc.html
[2026-05-05 18:36:22,360] multiqc                                            [DEBUG  ]  File ignored by rseqc/bam_stat because it exceeded search pattern filesize limit: Z6_2_trimm_paired_fastqc.html
[2026-05-05 18:36:22,360] multiqc                                            [DEBUG  ]  File ignored by rseqc/junction_annotation because it exceeded search pattern filesize limit: Z6_2_trimm_paired_fastqc.html
[2026-05-05 18:36:22,360] multiqc                                            [DEBUG  ]  File ignored by rseqc/read_distribution because it exceeded search pattern filesize limit: Z6_2_trimm_paired_fastqc.html
[2026-05-05 18:36:22,360] multiqc                                            [DEBUG  ]  File ignored by rseqc/infer_experiment because it exceeded search pattern filesize limit: Z6_2_trimm_paired_fastqc.html
[2026-05-05 18:36:22,443] multiqc                                            [DEBUG  ]  File ignored by hicexplorer because it exceeded search pattern filesize limit: C3_2_trimm_paired_fastqc.html
[2026-05-05 18:36:22,445] multiqc                                            [DEBUG  ]  File ignored by longranger/invocation because it exceeded search pattern filesize limit: C3_2_trimm_paired_fastqc.html
[2026-05-05 18:36:22,445] multiqc                                            [DEBUG  ]  File ignored by rockhopper because it exceeded search pattern filesize limit: C3_2_trimm_paired_fastqc.html
[2026-05-05 18:36:22,445] multiqc                                            [DEBUG  ]  File ignored by rseqc/bam_stat because it exceeded search pattern filesize limit: C3_2_trimm_paired_fastqc.html
[2026-05-05 18:36:22,445] multiqc                                            [DEBUG  ]  File ignored by rseqc/junction_annotation because it exceeded search pattern filesize limit: C3_2_trimm_paired_fastqc.html
[2026-05-05 18:36:22,445] multiqc                                            [DEBUG  ]  File ignored by rseqc/read_distribution because it exceeded search pattern filesize limit: C3_2_trimm_paired_fastqc.html
[2026-05-05 18:36:22,446] multiqc                                            [DEBUG  ]  File ignored by rseqc/infer_experiment because it exceeded search pattern filesize limit: C3_2_trimm_paired_fastqc.html
[2026-05-05 18:36:25,364] multiqc.plots.bargraph                             [DEBUG  ]  Using matplotlib version 3.2.1
[2026-05-05 18:36:25,375] multiqc.plots.linegraph                            [DEBUG  ]  Using matplotlib version 3.2.1
[2026-05-05 18:36:25,399] multiqc                                            [DEBUG  ]  No samples found: custom_content
[2026-05-05 18:36:25,412] multiqc                                            [DEBUG  ]  No samples found: conpair
[2026-05-05 18:36:25,440] multiqc                                            [DEBUG  ]  No samples found: peddy
[2026-05-05 18:36:25,459] multiqc                                            [DEBUG  ]  No samples found: somalier
[2026-05-05 18:36:25,484] multiqc                                            [DEBUG  ]  No samples found: methylQA
[2026-05-05 18:36:25,530] multiqc                                            [DEBUG  ]  No samples found: mosdepth
[2026-05-05 18:36:25,543] multiqc                                            [DEBUG  ]  No samples found: phantompeakqualtools
[2026-05-05 18:36:25,567] multiqc                                            [DEBUG  ]  No samples found: qualimap
[2026-05-05 18:36:25,590] multiqc                                            [DEBUG  ]  No samples found: preseq
[2026-05-05 18:36:25,605] multiqc                                            [DEBUG  ]  No samples found: quast
[2026-05-05 18:36:25,637] multiqc                                            [DEBUG  ]  No samples found: qorts
[2026-05-05 18:36:25,658] multiqc                                            [DEBUG  ]  No samples found: rna_seqc
[2026-05-05 18:36:25,672] multiqc                                            [DEBUG  ]  No samples found: rockhopper
[2026-05-05 18:36:25,697] multiqc                                            [DEBUG  ]  No samples found: rsem
[2026-05-05 18:36:25,729] multiqc                                            [DEBUG  ]  No samples found: rseqc
[2026-05-05 18:36:25,743] multiqc                                            [DEBUG  ]  No samples found: busco
[2026-05-05 18:36:25,765] multiqc                                            [DEBUG  ]  No samples found: goleft_indexcov
[2026-05-05 18:36:25,777] multiqc                                            [DEBUG  ]  No samples found: disambiguate
[2026-05-05 18:36:25,803] multiqc                                            [DEBUG  ]  No samples found: supernova
[2026-05-05 18:36:25,892] multiqc                                            [DEBUG  ]  No samples found: deeptools
[2026-05-05 18:36:25,908] multiqc                                            [DEBUG  ]  No samples found: sargasso
[2026-05-05 18:36:25,933] multiqc                                            [DEBUG  ]  No samples found: verifybamid
[2026-05-05 18:36:25,953] multiqc                                            [DEBUG  ]  No samples found: mirtrace
[2026-05-05 18:36:26,034] multiqc                                            [DEBUG  ]  No samples found: happy
[2026-05-05 18:36:26,068] multiqc                                            [DEBUG  ]  No samples found: mirtop
[2026-05-05 18:36:26,139] multiqc                                            [DEBUG  ]  No samples found: homer
[2026-05-05 18:36:26,184] multiqc                                            [DEBUG  ]  No samples found: macs2
[2026-05-05 18:36:26,197] multiqc                                            [DEBUG  ]  No samples found: theta2
[2026-05-05 18:36:26,222] multiqc                                            [DEBUG  ]  No samples found: snpeff
[2026-05-05 18:36:26,265] multiqc                                            [DEBUG  ]  No samples found: gatk
[2026-05-05 18:36:26,298] multiqc                                            [DEBUG  ]  No samples found: htseq
[2026-05-05 18:36:26,326] multiqc                                            [DEBUG  ]  No samples found: bcftools
[2026-05-05 18:36:26,339] multiqc                                            [DEBUG  ]  No samples found: featureCounts
[2026-05-05 18:36:26,361] multiqc                                            [DEBUG  ]  No samples found: fgbio
[2026-05-05 18:36:26,457] multiqc                                            [DEBUG  ]  No samples found: dragen
[2026-05-05 18:36:26,479] multiqc                                            [DEBUG  ]  No samples found: dedup
[2026-05-05 18:36:26,503] multiqc                                            [DEBUG  ]  No samples found: damageprofiler
[2026-05-05 18:36:26,662] multiqc                                            [DEBUG  ]  No samples found: biobambam2
[2026-05-05 18:36:26,676] multiqc                                            [DEBUG  ]  No samples found: mtnucratio
[2026-05-05 18:36:26,680] multiqc                                            [DEBUG  ]  No samples found: picard
[2026-05-05 18:36:26,703] multiqc                                            [DEBUG  ]  No samples found: prokka
[2026-05-05 18:36:26,717] multiqc                                            [DEBUG  ]  No samples found: samblaster
[2026-05-05 18:36:26,792] multiqc                                            [DEBUG  ]  No samples found: samtools
[2026-05-05 18:36:26,821] multiqc                                            [DEBUG  ]  No samples found: sexdeterrmine
[2026-05-05 18:36:26,837] multiqc                                            [DEBUG  ]  No samples found: bamtools
[2026-05-05 18:36:26,850] multiqc                                            [DEBUG  ]  No samples found: jellyfish
[2026-05-05 18:36:26,873] multiqc                                            [DEBUG  ]  No samples found: vcftools
[2026-05-05 18:36:26,899] multiqc                                            [DEBUG  ]  No samples found: longranger
[2026-05-05 18:36:26,912] multiqc                                            [DEBUG  ]  No samples found: stacks
[2026-05-05 18:36:26,940] multiqc                                            [DEBUG  ]  No samples found: varscan2
[2026-05-05 18:36:26,996] multiqc                                            [DEBUG  ]  No samples found: bbmap
[2026-05-05 18:36:27,024] multiqc                                            [DEBUG  ]  No samples found: bismark
[2026-05-05 18:36:27,048] multiqc                                            [DEBUG  ]  No samples found: biscuit
[2026-05-05 18:36:27,071] multiqc                                            [DEBUG  ]  No samples found: hicexplorer
[2026-05-05 18:36:27,101] multiqc                                            [DEBUG  ]  No samples found: hicup
[2026-05-05 18:36:27,123] multiqc                                            [DEBUG  ]  No samples found: hicpro
[2026-05-05 18:36:27,143] multiqc                                            [DEBUG  ]  No samples found: salmon
[2026-05-05 18:36:27,173] multiqc                                            [DEBUG  ]  No samples found: kallisto
[2026-05-05 18:36:27,196] multiqc                                            [DEBUG  ]  No samples found: slamdunk
[2026-05-05 18:36:27,226] multiqc                                            [DEBUG  ]  No samples found: star
[2026-05-05 18:36:27,247] multiqc                                            [DEBUG  ]  No samples found: hisat2
[2026-05-05 18:36:27,266] multiqc                                            [DEBUG  ]  No samples found: tophat
[2026-05-05 18:36:27,329] multiqc                                            [DEBUG  ]  No samples found: bowtie2
[2026-05-05 18:36:27,345] multiqc                                            [DEBUG  ]  No samples found: bowtie1
[2026-05-05 18:36:27,362] multiqc                                            [DEBUG  ]  No samples found: snpsplit
[2026-05-05 18:36:27,375] multiqc                                            [DEBUG  ]  No samples found: kat
[2026-05-05 18:36:27,387] multiqc                                            [DEBUG  ]  No samples found: leehom
[2026-05-05 18:36:27,419] multiqc                                            [DEBUG  ]  No samples found: adapterRemoval
[2026-05-05 18:36:27,432] multiqc                                            [DEBUG  ]  No samples found: clipandmerge
[2026-05-05 18:36:27,462] multiqc                                            [DEBUG  ]  No samples found: cutadapt
[2026-05-05 18:36:27,475] multiqc                                            [DEBUG  ]  No samples found: flexbar
[2026-05-05 18:36:27,501] multiqc                                            [DEBUG  ]  No samples found: kaiju
[2026-05-05 18:36:27,529] multiqc                                            [DEBUG  ]  No samples found: kraken
[2026-05-05 18:36:27,548] multiqc                                            [DEBUG  ]  No samples found: malt
[2026-05-05 18:36:27,569] multiqc                                            [DEBUG  ]  No samples found: trimmomatic
[2026-05-05 18:36:27,589] multiqc                                            [DEBUG  ]  No samples found: sickle
[2026-05-05 18:36:27,629] multiqc                                            [DEBUG  ]  No samples found: skewer
[2026-05-05 18:36:27,641] multiqc                                            [DEBUG  ]  No samples found: sortmerna
[2026-05-05 18:36:27,654] multiqc                                            [DEBUG  ]  No samples found: biobloomtools
[2026-05-05 18:36:27,682] multiqc                                            [DEBUG  ]  No samples found: fastq_screen
[2026-05-05 18:36:27,709] multiqc                                            [DEBUG  ]  No samples found: afterqc
[2026-05-05 18:36:27,737] multiqc                                            [DEBUG  ]  No samples found: fastp
[2026-05-05 18:36:45,693] multiqc.modules.fastqc.fastqc                      [INFO   ]  Found 72 reports
[2026-05-05 18:36:47,710] multiqc                                            [DEBUG  ]  No samples found: pycoqc
[2026-05-05 18:36:47,727] multiqc                                            [DEBUG  ]  No samples found: minionqc
[2026-05-05 18:36:47,743] multiqc                                            [DEBUG  ]  No samples found: multivcfanalyzer
[2026-05-05 18:36:47,770] multiqc                                            [DEBUG  ]  No samples found: clusterflow
[2026-05-05 18:36:47,803] multiqc                                            [DEBUG  ]  No samples found: bcl2fastq
[2026-05-05 18:36:47,828] multiqc                                            [DEBUG  ]  No samples found: interop
[2026-05-05 18:36:47,866] multiqc                                            [DEBUG  ]  No samples found: ivar
[2026-05-05 18:36:47,898] multiqc                                            [DEBUG  ]  No samples found: flash
[2026-05-05 18:36:47,933] multiqc                                            [DEBUG  ]  No samples found: seqyclean
[2026-05-05 18:36:48,071] multiqc                                            [INFO   ]  Compressing plot data
[2026-05-05 18:36:49,663] multiqc                                            [INFO   ]  Report      : ../../data/multiQC/trimmedReads/multiqc_report.html
[2026-05-05 18:36:49,663] multiqc                                            [INFO   ]  Data        : ../../data/multiQC/trimmedReads/multiqc_data
[2026-05-05 18:36:49,663] multiqc                                            [DEBUG  ]  Moving data file from '/localscratch/tmp/alicebalard/tmp.25609721.0/tmp5179tzui/multiqc_data' to '/home/alicebalard/Scripts/AliceScripts/cyanochytridMET/data/multiQC/trimmedReads/multiqc_data'
[2026-05-05 18:36:50,234] multiqc                                            [INFO   ]  MultiQC complete
