Sample	1	2	3	4	5	6	7	8	9	12	17	22	27	32	37	42	47	52	57	62	67	72	77	82	87	92	97	102	107	112	117	122	127	132	137	140
C10_1_trimm_paired - polya	0.1841282663646308	0.18532572796856758	0.18646225679177306	0.18749546481286894	0.18825315069500592	0.1887671054542177	0.18935788850217766	0.18991158203143163	0.1906507231542156	0.1928262883514565	0.1960604943826202	0.19941391672391034	0.2024001528300111	0.20555329177028883	0.2086439083790336	0.21182089058133657	0.21500582053764808	0.21825539222656146	0.22150443406520756	0.22486315490917005	0.22834480101512952	0.23192129031892295	0.2355735482109301	0.2392422314612213	0.24314139957775702	0.24692929913817468	0.25072196735099744	0.25464232947822224	0.2583857216161928	0.2620257929520536	0.26553764052324513	0.26896471205168015	0.2722423658047566	0.27532238540815673	0.27823338277631104	0.2798033291181095
C10_1_trimm_paired - polyg	0.0	0.0	0.00024108187158903923	0.0008106709088598462	0.0019445504807291737	0.003950033742189643	0.00704171005146886	0.010305587697597391	0.016618753631626848	0.027342923040334876	0.04276580461882665	0.05786918648617952	0.0754739914651189	0.0920641331823154	0.10613112792696903	0.11911245947407116	0.13117503065779879	0.14199934176701304	0.15190542236312005	0.1611984662000434	0.16999186123497023	0.17804876439844922	0.18560072025725927	0.19238598277938948	0.19860642491665387	0.20438338238024795	0.20990866096690838	0.2149305817997016	0.21994508472875363	0.2246056476792969	0.22888895723957337	0.23281355816893604	0.23672279344054906	0.24038458863736634	0.24388742875401498	0.2458531732454333
C10_2_trimm_paired - polya	0.14133490953190828	0.14245289359576074	0.1444265858411875	0.1462254274984288	0.14739904584034028	0.14814348546579653	0.14898329813935396	0.14993173011769326	0.15101527391417585	0.1541053606726534	0.15931113954817494	0.1644570453434997	0.16949380198377528	0.1737940667526031	0.17756395140393497	0.18112083624784095	0.18451770631104386	0.18791563607478126	0.1911328868973937	0.19431728700343792	0.19753029902391248	0.20056899030646883	0.20363364425211938	0.20683076076457713	0.2099568773412262	0.21293993434572353	0.21597650622721093	0.21898711544560417	0.22178790395817488	0.2244859015189032	0.22708375737912534	0.22964293416983975	0.23210726776272023	0.23455835509892	0.23697394246721543	0.23835314271281163
C10_2_trimm_paired - polyg	0.24404638383418356	0.2503674975222215	0.25062977340449966	0.2508682060247525	0.251024511853585	0.2512629444738379	0.2516046978962004	0.25194645131856286	0.2526273089119517	0.2540133972110218	0.25651376062207387	0.2602523841076393	0.2664246098705859	0.2721385151523798	0.27684305567510303	0.28078461181301695	0.2842895713307346	0.28738230734054826	0.290218065970756	0.2928440038951413	0.2951419645041119	0.29740389529491107	0.29949150534779195	0.30152824977501896	0.3033339794857342	0.3050506943515551	0.3067382674526783	0.30835378091745846	0.30977060053202793	0.31121974101289834	0.31262225467025256	0.31399615641317646	0.3152481925946378	0.3164546616531175	0.31761291433727934	0.3182837047755908
C11_1_trimm_paired - polya	0.14518237888058597	0.14644191039242585	0.14739938231092858	0.14843379393716813	0.14920319101453638	0.14975316744391445	0.15031739196731783	0.15082747373342495	0.15164531433047934	0.15379905622334947	0.15719124244890198	0.16074129755625524	0.16413063416300272	0.16749603397178756	0.17091557653786876	0.1743351191039499	0.1776127506535387	0.18111892163129392	0.1843720464591591	0.18796598569611045	0.19168701793176776	0.19549011918901102	0.19927441296214085	0.20311170964504494	0.206990040838742	0.21096183952924524	0.21469199054507876	0.218660939616777	0.222664084114136	0.22645521697239798	0.2300662539221797	0.23338833952512755	0.2365354585334442	0.23976407663958588	0.2426894953048683	0.2442522262575674
C11_1_trimm_paired - polyg	0.0	0.0	0.00048443519686149826	0.0013279223631615187	0.0026786416767635786	0.004696171790751465	0.007520144026573493	0.010295672742709372	0.0153736934533399	0.02427305298156613	0.03634460816359365	0.04800353854264738	0.062405511983459214	0.0763589554243534	0.08877930394812121	0.09997488630947095	0.11059142612963094	0.12050354018117819	0.129849719938039	0.13871545396436546	0.14658610110396225	0.1538087449272867	0.16054125431613947	0.16667192421336202	0.17235862350075498	0.1778412900817051	0.18288283567163077	0.18742455812314757	0.19165453227739	0.1955442619463073	0.19904986300030153	0.20255204451172965	0.20591459470170945	0.2091768383097509	0.2122025635569717	0.21391518445881735
C11_2_trimm_paired - polya	0.13574444139820194	0.13699257443482157	0.13871089457427735	0.14005021541265913	0.14111597284575444	0.141939512680419	0.1426775639509315	0.14347545721635044	0.1445269665554204	0.14733384107841202	0.1520904247878309	0.15695757370688646	0.16144116393477986	0.16540555361638998	0.16909524004519155	0.1725940020140536	0.17604717008203452	0.17942282851851768	0.18286687780632244	0.1862453858616106	0.18949053175682162	0.19271687016791922	0.19590844322959494	0.1991627079049822	0.20211662275831532	0.2051754035836749	0.208256981359475	0.2114485544211508	0.21460365236212167	0.21758948294607156	0.2205109121450269	0.22329669948886105	0.22593373673107062	0.22844197120329116	0.23080886458278033	0.23215274481125023
C11_2_trimm_paired - polyg	0.14664708294639073	0.1499953850423452	0.15016636217064924	0.15032309120492798	0.15044562481354587	0.1506109027042398	0.1508217744958148	0.15110958599512664	0.1516339158552591	0.152683145499285	0.15459922918381247	0.15745283745520722	0.1617683001736016	0.16558735929615326	0.16912601592828627	0.17235805357699396	0.17506918090813534	0.17742581565992627	0.17970494078021937	0.18180795945835926	0.18368129886081075	0.1856019419354263	0.187356737195587	0.18906935809743264	0.1905084155939918	0.19192581598763242	0.1933785516544559	0.19464891171775506	0.1958890658217205	0.19716911458895686	0.198522113597603	0.19980615183116648	0.20100356165305588	0.20217304521065566	0.20329237547728618	0.2039358194034705
C12_1_trimm_paired - polya	0.1337096057662637	0.13493714289292533	0.13584164393362333	0.13675111476025928	0.13755125029626136	0.13811035121427526	0.13864957298853753	0.13933788834093686	0.14006844687380834	0.14241468281509154	0.1459521764456896	0.14946233625362926	0.15280501427546161	0.15627094298855393	0.15981340640508993	0.16330567498365314	0.16665779559876753	0.17055112590251933	0.17427796837735146	0.1781921717820425	0.1822480140859637	0.18637989411473477	0.19054308379491464	0.19449605152992128	0.1987402487208889	0.20279410311043494	0.20700549971421248	0.21099971667250367	0.21496163002219854	0.2188181839100099	0.222578323950626	0.22617893386263543	0.22930343828179392	0.23259343657268455	0.23574080200715736	0.2373346123574423
C12_1_trimm_paired - polyg	0.0	0.0	0.00040752244690790105	0.0010784435485245675	0.0022687072806519127	0.004226802940184998	0.007233523432615244	0.010366973466461971	0.01600519561301092	0.025836923133960927	0.039224532493479264	0.052692155406597815	0.06920476616386846	0.0851180207370282	0.09909256181581269	0.11197374998825889	0.12400261987235503	0.13550071661828333	0.14632143154087568	0.1561824807988593	0.1654814472672663	0.17398524798560908	0.18162927573669496	0.18851342321787576	0.1950824862705936	0.2009453427415357	0.20636091847806667	0.21175363319928325	0.2168188390271922	0.22154957826148042	0.22589018929964336	0.22996591074731615	0.23387961717341338	0.23763478742809152	0.2413054713218254	0.2433480533423028
C12_2_trimm_paired - polya	0.122574800372396	0.12381973174984026	0.12542497260778235	0.12683390692117735	0.1278179245368818	0.1286329694306976	0.12937098264247593	0.13015123903472642	0.13112780197152402	0.1339208216686245	0.13868784034025938	0.14361438914050087	0.1484142083993259	0.1526385264465419	0.15651694739248004	0.1602994514698167	0.16386576985885462	0.16753695073118224	0.17124490801945033	0.17470636392519856	0.17822000258329473	0.18160641472138062	0.18507383437025432	0.1885566603555355	0.19188194412658524	0.19521716746951073	0.19844951624352172	0.20164956140893628	0.20473480451918538	0.20779569567833875	0.2107969494062373	0.21368340107897033	0.2164088316873154	0.21893050107220646	0.22144073994944033	0.22284520145549128
C12_2_trimm_paired - polyg	0.15088767086061933	0.1544162188765292	0.15459016138435575	0.15475167942733753	0.15491568236328826	0.15510950401486642	0.15539526670629575	0.1556636351469424	0.15626994903136635	0.15735435632301642	0.15940489000099442	0.16266755446922662	0.16758764254774886	0.1723029754456295	0.1764492678536205	0.18009063001032075	0.18343628990371588	0.1864728291117735	0.18913514343870724	0.19177509372892035	0.19413524507082963	0.19632741764803785	0.19849026848821247	0.20030324639835886	0.20200490110349625	0.20374879898910575	0.20530583292345023	0.20671576119403282	0.20803722727492077	0.20942479150878274	0.21074128780373283	0.21207865719962204	0.21322916264424618	0.21438463787480821	0.21555204059162122	0.21622544658620682
C1_1_trimm_paired - polya	0.46220288274411425	0.463641749395694	0.46471549462650563	0.4656619277829705	0.4663753558222346	0.4668677893173495	0.4674034608754502	0.4679223176312786	0.468501227252365	0.47048008926834406	0.4735211663650051	0.4765752148805619	0.4794346921126831	0.4824041861939568	0.4852295533986114	0.48816301576073046	0.49119976905109286	0.4943460587676859	0.49748562256337003	0.5007078191016491	0.504020815572198	0.5076153398750761	0.5112727995807445	0.5150301872542021	0.5187183940268826	0.5223845013451481	0.5260597366989329	0.5297340112068735	0.53325599164852	0.5369682195673037	0.5406276009646604	0.5439795116918965	0.5472612806725113	0.5504138158870913	0.5532228487123957	0.5548068030864386
C1_1_trimm_paired - polyg	0.0	0.0	0.0005212588704387537	0.001474898370734538	0.003365362569053889	0.006303148737471381	0.010828732663308303	0.015762676072899086	0.024825854497624512	0.041748271504384565	0.0662210151542925	0.08994622073746986	0.11667983465860798	0.14125634965968162	0.16179346873204642	0.17944084392820012	0.19529383951044715	0.2097790710335797	0.2229854167381796	0.23492200465976606	0.24568347811398547	0.2557209542246554	0.26520498312910834	0.27396789722754417	0.2824723437939099	0.2902196438351038	0.2974653823456635	0.3042076376339008	0.31059774292026565	0.3164319988858032	0.3218401197194705	0.32686822602178567	0.3318016890084544	0.3364786061547413	0.34103397630174614	0.343557637911345
C1_2_trimm_paired - polya	0.291479793159676	0.29235416287783134	0.2936200772774683	0.29468421404983863	0.2955129435903979	0.2961230807014184	0.29665154591568815	0.2972448682244364	0.2980639893065544	0.30041229654960017	0.30418649902533	0.30806159031469316	0.3118324298299685	0.3150829713206492	0.3181350981445178	0.32118482285377603	0.32400730752089835	0.326847567836137	0.3294793246032001	0.3322701013574662	0.33500610989861707	0.3379539849483979	0.34069335645000315	0.3433179068732354	0.3459708022488693	0.34849542470431233	0.35112141639631067	0.35369936579610267	0.3561860348407027	0.3587034509523147	0.36118771788230436	0.3635970388364522	0.3658780868704091	0.3680467159406031	0.37010724985333293	0.3713452997234902
C1_2_trimm_paired - polyg	0.10261112980890434	0.10484269428188868	0.10494358309552199	0.10514055649356796	0.10532311720395204	0.10563539210329323	0.10612542348379787	0.10656020622826522	0.10771081912660699	0.10978096149777802	0.1141970089973845	0.12125826510587187	0.1320341512477532	0.14166470914343549	0.14980019090565655	0.15670386829570712	0.1625544586405948	0.1675969776305719	0.17218357526751088	0.17616580086849415	0.1797415886774118	0.18318141679938552	0.18624459335046156	0.1890502632153116	0.1918559330801617	0.19438632061066943	0.19675192307890943	0.1988912463508576	0.2008758734419014	0.20284464657651707	0.20473607162068053	0.20646223117965423	0.20811296433986395	0.2097579324250089	0.21127895139626154	0.212116328549418
C2_1_trimm_paired - polya	0.1603545990656353	0.16175563904384113	0.16290095097610302	0.16394134883823405	0.16474569004257064	0.16534676023602868	0.16595220184907553	0.16664288614410366	0.1673991417329636	0.16973391693533413	0.1733110495848375	0.17692971072043445	0.18047318343910418	0.18389950211279452	0.187487126169311	0.19128894978567806	0.19522104170579088	0.19911991083702893	0.2030056657095006	0.20693994333940785	0.21075269550474687	0.2148504642272747	0.2190129299597165	0.22321255275866303	0.22742966123596467	0.23156546130891492	0.23592376663893438	0.24003639818806408	0.2441918696491639	0.2482520441632281	0.2521832617994232	0.25593087981288926	0.25942451834824687	0.26284865131214274	0.26604721902525735	0.2677997211384016
C2_1_trimm_paired - polyg	0.0	0.0	0.0002753994340935057	0.0010250978935702714	0.002356195158355549	0.004686161799178383	0.00809586907843131	0.011951461155740391	0.01902223234060143	0.03175311760902233	0.04994740307950773	0.06864265323486798	0.09055177107190357	0.11088717785697624	0.1284108875625419	0.14397095558882497	0.15771295020813203	0.17057235521246322	0.18295964690120559	0.19435418920133463	0.20478264777234206	0.21421791981277732	0.2231211900892574	0.23129049901678028	0.23930374826498357	0.2464282879107867	0.25269952645285876	0.25873077405950656	0.26436597105141035	0.2695600918068056	0.2742921535116663	0.27885678984627643	0.28328722359951086	0.28742389795637885	0.29147270677951226	0.2936960107823687
C2_2_trimm_paired - polya	0.10848333422510292	0.10972918880790689	0.1115717421645801	0.11342522407022528	0.11457053600248716	0.11550164837489854	0.11638248942203888	0.11738791592745962	0.11847421369527289	0.12172130416582298	0.12696569624648932	0.1322030940558136	0.13717470955413968	0.14165148035501524	0.1456705635249449	0.1496782810039437	0.1534154076103967	0.1572010569742852	0.16073622399573625	0.16426964244935185	0.1675897356270347	0.17108643415610444	0.17447996718287886	0.1778162346130402	0.18120845621393797	0.1843812325514787	0.1876012202205783	0.19074820518254526	0.19385803307800745	0.1968489583606547	0.1997043696360496	0.20242951260769865	0.2051489727338823	0.20778712445571457	0.21028276789895237	0.21172970778284048
C2_2_trimm_paired - polyg	0.24493719668905184	0.2508670273612398	0.251096526889651	0.25129761219073515	0.2514965117820249	0.2517019685026979	0.2520953962656886	0.2524582240915578	0.2532450796175393	0.25484327061919937	0.2578153987976148	0.26242506075398947	0.26979789703243556	0.27657447167897137	0.28238059117679665	0.28737187806327225	0.29167772635822625	0.2954349614947877	0.29886740015590235	0.3019413824107365	0.30470105959713695	0.30725571720482336	0.30962633804782197	0.31186057059965033	0.3140169918827984	0.31603615059085854	0.31794165238961025	0.3196661774173863	0.32142392523403707	0.32307326184488594	0.32466882999479274	0.3261664783459107	0.3276169153654699	0.3290612323976047	0.3303630411511451	0.3311306624309359
C3_1_trimm_paired - polya	0.1579203209097841	0.15905972410193034	0.15991307459393858	0.16075680986913546	0.16140824080810512	0.1618745788234561	0.16237697390184969	0.162898599413866	0.16350916568138738	0.1653956712197763	0.16858696167946685	0.17179796333362066	0.17472964293940446	0.17769593732570915	0.18061752095384104	0.18367612142153478	0.18673135656334458	0.18997841528054102	0.1932245124760563	0.1965138781472227	0.19987776174867716	0.20342289218702575	0.20700311816673583	0.2105328642581863	0.21423039588299492	0.21773754621493863	0.22144950066496433	0.22516818576675807	0.22869985490157071	0.2322055629509927	0.2356410799176918	0.23900111743242175	0.2421428895255337	0.24517841347288022	0.2479879798251598	0.24960862461871458
C3_1_trimm_paired - polyg	0.0	0.0	0.00028364889593513343	0.0009350798349048043	0.002233134104438466	0.004487902446702493	0.007769095183579248	0.011259418886103094	0.017612673394209515	0.02841392719925128	0.04386846518015094	0.05928310001128345	0.07795873562398888	0.09566371509958745	0.11076825918855357	0.12430408065474627	0.13669713360290875	0.1483906795280448	0.15931020049986627	0.16939127456573716	0.1789521654021134	0.1875024969516157	0.19536485973826515	0.20281569124538837	0.2097208591984669	0.21615392000610756	0.22207448975770278	0.22762871974878518	0.23302574094500175	0.23781796500378385	0.2422236573467492	0.24653512056496324	0.2506172608622263	0.25448642410711775	0.25824164703279456	0.2603031495171503
C3_2_trimm_paired - polya	0.12213248393790051	0.1232646757174382	0.12460119085421731	0.12578386252201465	0.1266083673635888	0.127267009715167	0.12789440261210827	0.12867323517382845	0.12945927914815716	0.13190250573992385	0.1357120546405849	0.1396730432060248	0.14343740058767246	0.14688301353202346	0.1501632447472191	0.1532280951058402	0.156208812317362	0.15922174050520177	0.16219091945654987	0.1650634654789438	0.16789899291661398	0.1707027901388067	0.1734517806251747	0.17630269240974306	0.17924494875401933	0.18192807500522945	0.18455543299893373	0.1871356764302623	0.18971736214411258	0.1922235684059937	0.19475525499242488	0.1971095408286865	0.19941238525500732	0.20162628892582307	0.20370317575707692	0.20495796155095947
C3_2_trimm_paired - polyg	0.15854050239411688	0.16184332936881918	0.1619875576209896	0.16210294022272592	0.162251976083302	0.1624562994405434	0.16277119779111549	0.16309330755429605	0.16380483359833672	0.16523557785986714	0.16783409020313733	0.17178161746504134	0.17791997187741387	0.18337804970038266	0.18792412420879384	0.1919557846177973	0.19537495571591706	0.19840038368561164	0.2012411994925281	0.20396470965434593	0.20655745286752927	0.20892087315976168	0.21092564586493032	0.21288041944267994	0.21470779139767898	0.21652170204914217	0.21821926857718782	0.21985000934839455	0.2214802693587607	0.22308360676205505	0.22462925286448127	0.22614941864235732	0.22755420181849714	0.22905273335854764	0.23048972751100547	0.23128682898466724
C4_1_trimm_paired - polya	0.24810007229320527	0.24958437536637965	0.2507707632579045	0.2517304192412712	0.252500253161994	0.2530855378551462	0.25370773239381256	0.2543694731955297	0.25503648683232033	0.2571762033051238	0.260776495093271	0.26442582424760136	0.2678067660966934	0.2713332381938125	0.2748549647393655	0.2784294196356529	0.2820766396559538	0.2857481147175926	0.2893763525316292	0.2932919598571684	0.2972629319509788	0.3012006851838264	0.3052902960667893	0.30949432747084593	0.3135902657558969	0.3176988588451241	0.3218970901305999	0.326028356410643	0.32983323419963995	0.3335416191067928	0.3370818005751029	0.3405133616408999	0.3437371730048034	0.3468813645590978	0.3497903876691166	0.3514291848099429
C4_1_trimm_paired - polyg	0.0	0.0	0.0005773754405420749	0.0012918445929936836	0.0027919661713883895	0.005431020125646914	0.009404101353486672	0.013485275700332023	0.021006974932599325	0.034348829518933685	0.0526360761206508	0.07076566495367195	0.09222979468713885	0.11328106143435508	0.13156936260308688	0.14839234290490871	0.16392136947970748	0.17859566948910105	0.19258028267088817	0.20507637451144217	0.2166455019460848	0.2271753535877517	0.23716315778386857	0.24602046614023912	0.2543114720097218	0.2620952311451393	0.26933536098448474	0.27612044515699197	0.2825063757144395	0.28819207377413375	0.29353187385301005	0.29861699599783903	0.3034806590695835	0.3083000303267109	0.3127640124998883	0.3150861690662328
C4_2_trimm_paired - polya	0.1572333054725516	0.15849614947264135	0.1598697230092734	0.16109829358138578	0.16199203912633447	0.1626722348508087	0.16323642820366716	0.16401944421207354	0.1648525521536776	0.16732182081857128	0.1718116398836085	0.1761000366488402	0.1802734856094708	0.1842724037291704	0.18796075186304423	0.19159689892969095	0.19515237161971394	0.1985712778813348	0.2019780566222867	0.20549661946679568	0.20895929025952603	0.21221315678334812	0.2154949693330594	0.21869294380510293	0.22191517331848432	0.22522018634251878	0.2284582343611205	0.23144582271373365	0.23424306172019546	0.23709882919597253	0.239956705805779	0.2427423445750792	0.24534079769927225	0.24791657763264943	0.2503837371635137	0.25182005743751973
C4_2_trimm_paired - polyg	0.13185515026406752	0.1343755654291736	0.13456538749181754	0.13478421014736547	0.13494239519956877	0.1352482196338285	0.1356357730117266	0.1360365084773083	0.1371253489199744	0.1388464022879464	0.14231012764769152	0.14760563591195092	0.15562298164112193	0.16313413520324233	0.16965399577155538	0.17523054614522934	0.18024448501656684	0.18486296125739612	0.18895626312491037	0.19259821031013785	0.19594856971580393	0.1989598858262476	0.2018435993279139	0.2044183246942764	0.20692133950364008	0.20923295039983775	0.21148550554321285	0.21364314965526604	0.21565473623578474	0.21750497406305608	0.21943008614837037	0.2213061608675016	0.22296552206511427	0.22455950010781628	0.2260954769647104	0.22692436663825574
C5_1_trimm_paired - polya	0.20765375064683725	0.20913853284726822	0.21034259841293024	0.21141674553605452	0.21224265563504424	0.21288064798679193	0.21350704047759875	0.21415895266247548	0.21496630298395983	0.21724312368943322	0.22091610365774933	0.2245519640710547	0.22804445020313097	0.23160607150641477	0.23514402909337923	0.23870054645784905	0.2422426799947522	0.24614394522638464	0.24978676555625454	0.2535794560894804	0.25739441835571275	0.26125114012133216	0.26491391221202043	0.2687441862946947	0.2726821070869002	0.27680144970422094	0.28091522438829003	0.28476823419840847	0.2886611475301634	0.29226545632170964	0.2958757970409451	0.29927409230218144	0.3026245961363415	0.3057523826404369	0.3086658037143451	0.31027540041849977
C5_1_trimm_paired - polyg	0.0	0.0	0.0003665556057313985	0.0012226253431673862	0.0030902029546469797	0.00660960076410604	0.011755299077474659	0.01688707755771424	0.026132166727585268	0.04195205707873974	0.06336586437001793	0.08360576573408038	0.1084034844590283	0.1321265920664143	0.15366846182247967	0.17306018135454593	0.19136476191923413	0.2088601361846874	0.22550408065708108	0.24064978709035234	0.25435479079476797	0.2670455026585141	0.27870289890964783	0.289715806886907	0.30001601940795936	0.30950656163533913	0.31824543287375073	0.3263333199161608	0.33377068675700716	0.3406090367788671	0.34705995144530205	0.3530185680134067	0.35884401817791006	0.36439292765758324	0.3697051999740627	0.37246457489467616
C5_2_trimm_paired - polya	0.1304033167250391	0.13159346245757206	0.1333520013762075	0.1348855029925901	0.13599908964291335	0.13678324024251598	0.13747691192677983	0.13841650066299005	0.1394071287873401	0.14229131821167731	0.14721615517273182	0.15225559875988207	0.15702174962326548	0.16131230618807343	0.16514861219843696	0.16885082381632407	0.1725539634230865	0.1761466723536918	0.1795161999597949	0.18295718270929368	0.1863745017424731	0.18987580376886443	0.19322723559189975	0.19646638076102746	0.1996127270426282	0.2027562893576032	0.2059829066769147	0.20902531820448536	0.2120825775540603	0.2148874239295619	0.21768763036068725	0.2204883007862502	0.2232184440572927	0.22569199840432314	0.22800779464255783	0.22930837105124785
C5_2_trimm_paired - polyg	0.2731604853521016	0.2794081704548526	0.27966336739555164	0.27988376475342813	0.2800902422781756	0.28043823810640156	0.28095327193217606	0.281447426008257	0.282651491573919	0.28499651946172466	0.2890388390023981	0.29500998342031876	0.3041692336192274	0.3128644893805013	0.3201450261014271	0.32652680559665453	0.33220099357448907	0.3373364840102297	0.342071083251854	0.34649944616463935	0.35056218146056867	0.35418737000180844	0.3575169940862749	0.36071345176714026	0.3636825521735646	0.3665161662041995	0.36915954251540434	0.3715857694297961	0.3738486703021405	0.37605496385309334	0.37821717793247095	0.38027777723000655	0.3823230647111002	0.3841094432959937	0.3859463972745895	0.3869690410151363
C6_1_trimm_paired - polya	0.31626468812983793	0.31814460141328166	0.3196663114702556	0.3210389880680414	0.3220377737068112	0.3228456919329365	0.3236117762056055	0.3245556547804639	0.3255648989075978	0.32837875520195403	0.33287851982060035	0.3372161778696033	0.3412290998549016	0.3454632188691001	0.3496858335460982	0.3540752611125034	0.3586827481612997	0.363392728396064	0.3678501361368357	0.3723959181042839	0.3769307186589499	0.3815748104170205	0.386287928198294	0.3910413111597692	0.3958171798712273	0.4006777623384343	0.4057025430729575	0.41058404251689284	0.41529088520514784	0.41984607981212363	0.4243364317912423	0.42841785687532524	0.4322388655991426	0.4359045657707533	0.43940606767504803	0.44141095989444246
C6_1_trimm_paired - polyg	0.0	0.0	0.0003294423834685812	0.0010746096794094196	0.0026616852886588546	0.005720793135152823	0.010293767172347652	0.014997472314093506	0.02379306102828642	0.03923188155134418	0.06033292767471592	0.0806621373568184	0.10451481176878005	0.127251042547876	0.1469182299165321	0.16399955603716893	0.17967578424609135	0.19496870885647016	0.20892765327601034	0.2221545035100648	0.23389729424525602	0.2446820874462973	0.2548100875780743	0.2642844321870961	0.27298327988392124	0.2812062663601807	0.28882841267992354	0.2959595329709729	0.30257923318101854	0.30888099534479607	0.3144292234219416	0.3199099942491387	0.32521663124507383	0.3301943487819587	0.3349984554119997	0.3375189511077435
C6_2_trimm_paired - polya	0.20303063461192275	0.20466477341881056	0.2068558267310857	0.208806334810987	0.21016332367622664	0.21127453806491034	0.212249792104861	0.21341852817954715	0.2147258392250574	0.21862633246044175	0.22484338086847028	0.23114200548573857	0.23685704645229116	0.24207321752387706	0.24669273183429205	0.25124635766801334	0.25587999093771985	0.2603917828179848	0.2646259018321834	0.26903520052648033	0.2732923282150798	0.2773392402875614	0.2814875996971745	0.2854707149906351	0.2894658575457144	0.293218363170747	0.2971251314991498	0.30078403365332385	0.3044947053249002	0.3081415802174555	0.3115510474241462	0.31466349356129697	0.31776182073915626	0.32063947381253344	0.3234245692638884	0.32513348626257943
C6_2_trimm_paired - polyg	0.25876653372620645	0.26480369613437277	0.2650520852330197	0.26527432811075646	0.26543904930249074	0.26575018933132216	0.2662129774414328	0.26671759950499974	0.26792816953314225	0.27015321293260064	0.2742686281038669	0.28018185742491886	0.2892697608888878	0.29739966681870694	0.3041579419995767	0.3101856917682153	0.31544788018860315	0.32030114171395535	0.32468481711176034	0.32863707986454693	0.3323106239024307	0.3357028346033206	0.33892195732178504	0.34188170952882024	0.34453921142213345	0.3471386687050261	0.34965027468566034	0.3517994940444792	0.35391472331611473	0.3558919005413444	0.3578575734293736	0.3597348720907263	0.3615828869846596	0.36337494896584505	0.3650143170169149	0.3658902154174068
C7_1_trimm_paired - polya	0.2928361689457928	0.29441981343368534	0.2956542440088631	0.2967235424237649	0.29763041576298543	0.2982313885430062	0.29890003843789414	0.29965802212440684	0.30053782461768047	0.30299260892814367	0.3068669884000613	0.310540502195053	0.3142021048178282	0.3179860676642833	0.32150094630202636	0.3253044001575632	0.32911759951764086	0.33301471850015385	0.33691292031650477	0.34102444039891705	0.3451467888197081	0.34921661979936225	0.35342072217491294	0.3577975365476046	0.362030334019859	0.3664899851811483	0.3709425979224913	0.3753497316426435	0.37970488933857777	0.38397125465980625	0.387991816699837	0.3918905599331069	0.3956192982538303	0.39920185400644054	0.40246172527536395	0.4042435283555877
C7_1_trimm_paired - polyg	0.0	0.0	0.0003789918432563369	0.0012425518289618475	0.0030833693533497694	0.005925808177772296	0.010384376505223631	0.014832116494296213	0.022839672725383675	0.03749961863945773	0.05753800022625812	0.07677075343767936	0.09884919397503673	0.11928064424498586	0.13702612518008542	0.15273696133381742	0.1675945244233037	0.18136925367491472	0.1943318575481193	0.20654568182243316	0.2174622711589725	0.22758947462770074	0.23710325272727267	0.2458135681191412	0.2542385567947295	0.2617896985631526	0.2688638520259916	0.27515403379020886	0.2813001986539888	0.2869044051819121	0.2921182501112815	0.2971447647866984	0.30191031650718736	0.3064463074540468	0.31100666216225836	0.3134939314878578
C7_2_trimm_paired - polya	0.18018355062244132	0.1817563667719551	0.18349972925093427	0.18502652496233837	0.18606333836210392	0.1867509378491547	0.1875441136353983	0.18844557280542945	0.1894634366130322	0.1921921778844778	0.19699129745394092	0.20192956117157101	0.2066539652062207	0.2110805899354547	0.21513796832597326	0.219055119734487	0.22271888802493792	0.22643625659036362	0.23013034422827502	0.23389319181489152	0.23762463722020963	0.24105884473703093	0.24439289012384885	0.24787744941413142	0.2513750027104685	0.2545883121243632	0.2579478041063712	0.2611714004417259	0.2644052836985403	0.2675974778525964	0.27063211968324186	0.273495132350584	0.27622333220511075	0.2790549426911545	0.2816310043914597	0.28319353361951366
C7_2_trimm_paired - polyg	0.2103134021613201	0.21527278113878873	0.21553536834447348	0.21576817761961667	0.21600098689475983	0.21634478663828524	0.2168997389801963	0.21745469132210737	0.218542939329172	0.2205727113582691	0.22423702106563898	0.2297903344031822	0.23829599419969227	0.2460382561405003	0.2524979014003451	0.258331668701898	0.2633960825616405	0.267740953336115	0.27171495352111713	0.2753711419747028	0.2787322582074676	0.28182591448227723	0.2845784780981561	0.2873175062910615	0.2898995235774751	0.2924057424952373	0.2945811556755287	0.29653025658370413	0.29849559999944775	0.30038027229426967	0.3022097200633599	0.3039124762734187	0.30556867062844884	0.30714094536104375	0.308640128809582	0.30946308252636723
C8_1_trimm_paired - polya	0.20490657079350882	0.20661920786701832	0.207995789700813	0.20928524610208904	0.2102834546289456	0.21100535106981444	0.21177703347212248	0.21255867306671838	0.2135145635263516	0.2160715705058704	0.22043779932409083	0.22452323531979404	0.2287440891306119	0.2329261098915072	0.23688359596631153	0.2409585769101125	0.24522324236699689	0.24944210473935718	0.25361615974642215	0.25791866253400036	0.2620917218218366	0.26630311629998105	0.2707181353604119	0.27501964242876137	0.27951780404479576	0.2838725820918851	0.288248270242779	0.2927140709838779	0.2970758190655688	0.3013210679974919	0.30546973216422285	0.3095895204733191	0.31341457589069516	0.3170379981642422	0.32046725518817637	0.322301867867212
C8_1_trimm_paired - polyg	0.0	0.0	0.0003335659416428377	0.0009658476519210523	0.002123371255383138	0.00416708497246351	0.007447979831308733	0.010865786084111838	0.017026798812216488	0.02813603824776616	0.04426320473677577	0.060579060019640064	0.07930107081886231	0.09646229172696473	0.11130398469161344	0.12420452301974658	0.13647078819914396	0.1476701402248986	0.15817448022896166	0.16773238910606494	0.1765614315076979	0.1845485933013935	0.19187409966756172	0.1986972656828081	0.20521275445636009	0.21120549063480012	0.21668343997195855	0.22191743809806477	0.2268293210536591	0.23129313035630045	0.23544826669801858	0.2393943020016919	0.24332291221886146	0.24716788202081313	0.2507514755252089	0.2526015218522907
C8_2_trimm_paired - polya	0.1501395239122844	0.1516579957361809	0.15375647401084444	0.15575040176648558	0.15714191938871203	0.15814759580978446	0.1592578227498793	0.1602261596998723	0.16147827663006892	0.1651699056707878	0.1711143494666318	0.177111068521987	0.18298780341027363	0.18802066625216535	0.1923784314569411	0.19658285590048402	0.200669287615416	0.20455707334420542	0.20858177046695275	0.21265426211268174	0.21640961718404278	0.22020928176108479	0.22390140866141803	0.22766970808275336	0.23123388506218773	0.2346775800149393	0.238196451769464	0.24186468140830644	0.2451953622285909	0.24840954389910755	0.25166056718108926	0.2548548344670302	0.257645337605699	0.2604273771309232	0.26320443806000343	0.26480157170297386
C8_2_trimm_paired - polyg	0.31219282839697643	0.31926741351749094	0.319521321920831	0.3198150590933225	0.3200067350448635	0.32029300432313906	0.32066888833200524	0.32109455830231065	0.3219583447332813	0.32344097066494154	0.32631610993805704	0.3306051705160467	0.33727499577006026	0.34337576748482335	0.34838871594213944	0.35273254107771224	0.35657452372197757	0.35994602903064216	0.36307059597056823	0.36591785510527775	0.36854207313273957	0.3710189247143412	0.3731577296177705	0.37524923785783254	0.3770733954849659	0.37895630054659757	0.3808227762409543	0.38241343770893765	0.3839398752866644	0.38543494770868447	0.3868921828000108	0.3882891768779956	0.3896772094829213	0.39093779002656254	0.3920913307531095	0.3927838534767292
C9_1_trimm_paired - polya	0.3340669814346544	0.3354542856168988	0.3366463565946882	0.3377258813722625	0.3385320796635999	0.3391338573055668	0.33973333808630485	0.3402891785036941	0.34096445570498524	0.3431556613173381	0.34659360320472776	0.3499387518984706	0.3531019891828861	0.3563575602887026	0.35964666556846075	0.36308047310563846	0.36652163059874854	0.3700973841598711	0.3735339479305234	0.377132210731689	0.38072266420467643	0.3844569011905918	0.38831333119388367	0.3920921272876393	0.3959393698460157	0.3998780274813015	0.40381071327739215	0.407722727322423	0.4116678161691497	0.4155968269872742	0.4192681299755182	0.42279932442880047	0.4260700548187275	0.4291836799005992	0.4321333090907287	0.4339069453316709
C9_1_trimm_paired - polyg	0.0	0.0	0.0006523085890023161	0.0017295365053476902	0.003445291843322092	0.006153291232173256	0.01012686115813807	0.0142956642885578	0.021595089273942873	0.03377993809315867	0.05037292298284364	0.0665768195803561	0.08504220574382519	0.10221537777992559	0.11673889070238844	0.12948692989492594	0.1411669286160336	0.1520563477021603	0.16229391757153047	0.17163387407265376	0.18015752609303262	0.18795077624262718	0.1952033452589431	0.2020117013135933	0.2083193416203474	0.21428796520971863	0.21960979267703679	0.22462843446214262	0.2293948808843173	0.2340056001151738	0.23827638388415587	0.24216175433893167	0.24583581356065035	0.24942994201160396	0.2527861156392454	0.25474258203400657
C9_2_trimm_paired - polya	0.23347594391579377	0.23463356197514998	0.23656522226863924	0.2385313354805617	0.239764749960471	0.2405824325579528	0.2414575366861566	0.24239924978999797	0.24345121223282565	0.24668197723737023	0.2518843679207866	0.25696732182030113	0.2616000909189549	0.2658479060756481	0.26974338271983095	0.27357270976062203	0.2771401946213206	0.28067047033011133	0.28393063515838557	0.2873194242154772	0.29037562776662684	0.2935687242470177	0.2967149647583395	0.29977162768173476	0.30289030585830995	0.3059703967662399	0.30900133484387177	0.31197852636874784	0.31491207753027517	0.31786354420938767	0.3205655717590439	0.3231049815336951	0.3256613880814401	0.3280629861823585	0.330388328490478	0.3317770107894597
C9_2_trimm_paired - polyg	0.18506040607220284	0.19018010975137947	0.1904465456539297	0.1906969035278778	0.19091969906707928	0.1911034479653898	0.1913859618965422	0.19173738166456106	0.19244022120059875	0.1938959718474638	0.19673994542106474	0.2011365971853895	0.20782230085041747	0.21407251962644952	0.2192648041204588	0.22362332798838414	0.22751742651582965	0.23098982132165252	0.23412549627132143	0.2369391512767011	0.2395538980996597	0.24200051468066416	0.2441765610089064	0.2462501673263405	0.24819101506474534	0.2500657131997583	0.25188758352650703	0.25358174836892994	0.2550880299628303	0.2565603180105433	0.25800045000105193	0.2594189914960091	0.26073601172464966	0.2620025010062549	0.2631353129643392	0.26378302783088375
In10_1_trimm_paired - polya	3.247399907237809	3.2569931948189432	3.2639660815311524	3.2686120522717563	3.272372327518664	3.2746049090589877	3.277073326677515	3.2794002426491207	3.282073051535424	3.2895081769609114	3.299848278789689	3.309764923838048	3.318690533277781	3.327386595601395	3.3362697545470503	3.3448751510006005	3.3536550661520197	3.3622688478883496	3.371260491429979	3.379976468800197	3.3884209726403944	3.39733872087752	3.40591791332238	3.4143487910780594	3.4229919213041207	3.4314652495538764	3.4396576708304836	3.4476200209107994	3.455508999766784	3.4633109813139216	3.470822622444781	3.4776629168730233	3.484299344113663	3.4906008841232534	3.4965659646612735	3.4998991145665466
In10_1_trimm_paired - polyg	0.0	0.0	0.0005502841824742349	0.0015407957109278578	0.0034012803278645567	0.007216583993019252	0.01241021851522846	0.017839689115640912	0.02663899523349082	0.04243581983171786	0.06359974948967693	0.08342150982257265	0.10651562676058184	0.128493452928429	0.14748926290743958	0.16456222272883309	0.18032445803559027	0.19515645103387919	0.20901732347014446	0.22132587043165866	0.232532276787703	0.24301178394270756	0.2524698588390052	0.2611192780271526	0.2692765859321159	0.2769423066340689	0.28398908865078176	0.2906344252543754	0.2969600729519602	0.3027076602178601	0.30809887296558625	0.31313895199687647	0.3180092290518604	0.32249640349980735	0.3268032943679724	0.32925598958128616
In10_2_trimm_paired - polya	1.6008841232531752	1.6046941861165922	1.6101341383204804	1.6141276292447218	1.6172511470804805	1.6195151734312314	1.621561706509862	1.6240379853309959	1.62675796143294	1.6346663312553555	1.6462883331892115	1.6570864810898773	1.6672185230896623	1.676483736482007	1.6855807201385666	1.6943218533571265	1.703204488222608	1.7118203662796332	1.7206825620183372	1.7289116689071093	1.7370715972129418	1.7455323475385263	1.7534648250489362	1.7610178685135254	1.7687842126088449	1.7762245788360704	1.7834951430869892	1.7904580722758965	1.7974613556381858	1.8041433778539442	1.8105879917509782	1.8167737100421621	1.8226203484609074	1.8281887003073731	1.8335694314516235	1.8366913770468607
In10_2_trimm_paired - polyg	0.24509657487402423	0.2506072779013733	0.2508902811952172	0.25116280288558546	0.25136719415336156	0.25179693989586527	0.25235246488007734	0.2529420550755855	0.2542181902987519	0.2565419617893145	0.26082002824792133	0.2670115114210172	0.2764559602327964	0.2852337790635212	0.29262488175441076	0.2989578665744286	0.30451468865707076	0.3096118924273036	0.3142594354084288	0.3183152918733508	0.3220451704701785	0.32544749895839065	0.3288230993577397	0.33155879786489734	0.3340963940663643	0.3365632394443702	0.33886447548746007	0.3410677085380522	0.3431257713805058	0.34494223326284457	0.34677965835213476	0.3485458085377901	0.3501982333257342	0.3517128250279728	0.3531807735947445	0.3538641741413601
In11_1_trimm_paired - polya	0.12342769260062501	0.125646649172055	0.12754618906504986	0.12903303130272142	0.1304068056896195	0.13152617741227715	0.13243637361100385	0.13353030506723748	0.1348560256175568	0.1383854385794517	0.14443061122105705	0.1504887866655013	0.15611504291999082	0.16163445005549937	0.16726749038103528	0.17282420990729905	0.17869978077274412	0.18457252494191986	0.1902049999282019	0.1959081423212174	0.20147447261479695	0.20714199863481877	0.2127919991379707	0.21827805125750105	0.22414344601637654	0.2302615474217308	0.23618630280226233	0.24190810139065544	0.24760615573038608	0.2531820967912814	0.2584889363673358	0.263578685669905	0.26854858305065427	0.2732188506268538	0.2775075142066928	0.279964478604001
In11_1_trimm_paired - polyg	0.0	0.0	0.0002402691828936935	0.000579472735214202	0.001337027335396671	0.002592080478982552	0.004522714030940113	0.006591855700095214	0.010371148612199546	0.017059111985452236	0.026664225908661306	0.036223547352307095	0.04784692241182319	0.058821853347153244	0.06836138791691368	0.07679003085282445	0.08435257405181018	0.09156347623489032	0.09854258932388478	0.10476753984821999	0.11042884713644927	0.11573851340877295	0.12052128349649212	0.1253125336730193	0.1298216795618666	0.13389890626075912	0.13766915374480157	0.14123700977595943	0.14448940650345926	0.14763099673720104	0.15056171542925023	0.1532821279188607	0.15592113155591428	0.15841880037950093	0.16077343837185915	0.16205732381739227
In11_2_trimm_paired - polya	0.07492441131506164	0.07713771449395296	0.07987112978640239	0.08218619403098987	0.08398962625082723	0.0853634006377253	0.08662410717384984	0.08805158878986533	0.08968541923354244	0.09428049668897759	0.10232131689673525	0.11000653871381023	0.11731524458780947	0.12390314291312761	0.12996527573234895	0.13595504512707526	0.14155755713290233	0.14701816898600864	0.1524279003062669	0.1577234330972439	0.16302914199479052	0.168335416231591	0.1736552586104843	0.1788207633730718	0.18382288509129155	0.18887136462832843	0.19389723059521063	0.1984679984627295	0.2029268291579826	0.20754960823685725	0.21200617757509485	0.21640621298794568	0.22059028880581918	0.22443911844614925	0.227986056924914	0.22994043472553402
In11_2_trimm_paired - polyg	0.24296585113464153	0.24925807703018696	0.24949269282054198	0.2496509878116249	0.2497951493213611	0.2499308307422893	0.25014565965875896	0.25037179536030596	0.2507562260529359	0.25170316930316394	0.2532290199493524	0.25540896811226554	0.25922783477214056	0.26272276203954953	0.2655471969518716	0.267969675654694	0.2701162688016289	0.27206555854896414	0.27383167837804623	0.2754937757844167	0.2770778563737535	0.2785121220608153	0.27982992786158056	0.28104710327515725	0.2821483841416912	0.2831920004043307	0.28424070472025487	0.2851316793843501	0.28597460021186655	0.2867598564354885	0.28760729997703594	0.28843269528768245	0.28924282643847465	0.2900246906265734	0.29069461764240645	0.29112144877907636
In12_1_trimm_paired - polya	2.363071534597939	2.3698331395006593	2.3748123654639497	2.378135992579735	2.381253291310622	2.383192280951843	2.3853425707462743	2.3873337639547594	2.3895859749995623	2.3965310381529523	2.4072556395762303	2.416980418392202	2.425683001643468	2.4341111432839764	2.4420967975448216	2.449836349274281	2.457886636523167	2.4659294661195865	2.4740205218686215	2.481820729171473	2.489734292791811	2.4974554489785206	2.505439611708872	2.5132084968713655	2.5209202066982845	2.5286890918607776	2.5363505868277576	2.543871877928372	2.5512658917602287	2.558409328469221	2.5653310243115497	2.571800786414424	2.577868332460954	2.58377379886055	2.5893257725332472	2.5923819185139108
In12_1_trimm_paired - polyg	0.0	0.0	0.000218757805676248	0.000957065399833585	0.002707127845243569	0.00627685749241507	0.011387835315941956	0.016488869602847192	0.02527647009222829	0.040634759581194155	0.06063469196514513	0.07939715121653204	0.10299415797336406	0.12570121820255858	0.1460929259294025	0.16479572396105951	0.18167189431531988	0.1980419386555384	0.21315362843628738	0.2270989413713171	0.23951742425809286	0.25089233297642666	0.2612609557886497	0.27106528289759435	0.28079950807335624	0.2899102735029409	0.2980396118679689	0.3055832759259819	0.3124159771155471	0.3183388447042315	0.32380878419979986	0.32882181818760353	0.333797563913076	0.33854709418040596	0.34315045445939774	0.3457119094931342
In12_2_trimm_paired - polya	1.2314871235178164	1.2349449883779944	1.2397427447979394	1.2431782367007187	1.2462259306752537	1.2483961075429282	1.2504022160563457	1.2525922799972635	1.2552223454336893	1.2633163842437105	1.2757935339965538	1.2866722602374676	1.2969603404030554	1.3063211857786743	1.3148244011206764	1.3231222824314413	1.3312720050465436	1.3392561677768957	1.3475644898011132	1.3554874997812423	1.3634950298226551	1.3710620611917288	1.37864152198158	1.3858978178312271	1.3928299543870089	1.3995492992590872	1.4064366899000713	1.4130501361071293	1.4194398527402001	1.4255257943294797	1.4312696782589742	1.4369444546089487	1.4423835691409899	1.4475368069951586	1.4525786772391653	1.4554130823531657
In12_2_trimm_paired - polyg	0.2754881679869032	0.28252073426256347	0.2827941815196588	0.28304028405104453	0.28329135835074115	0.28370650100469497	0.28435034500094664	0.28495938661902254	0.2861774698551744	0.28869765921193097	0.2930121597520639	0.2992845426529992	0.3093568480738972	0.31869382896162435	0.3263657646420565	0.3334987606375955	0.33992029658785555	0.3456388244989651	0.350768197865242	0.3557111299198631	0.3601563879665707	0.3639180278705399	0.3675016784689818	0.3708909329264703	0.3742672607863508	0.3773994748221698	0.38024630935694753	0.38267104076213626	0.38496551183758143	0.38689555229584327	0.3888594007786187	0.3907422094379277	0.3925529274567297	0.39419709123711916	0.3958700912737113	0.3967272241304974
In1_1_trimm_paired - polya	25.92756834019642	25.987143335411375	26.027252414646597	26.05216144583955	26.069851570282523	26.08317496711975	26.09597422436931	26.106200733358914	26.117164675333058	26.1517354013732	26.191523383107086	26.228280945168187	26.256793808049697	26.2835348476437	26.308441233337156	26.3316177930476	26.353694486342544	26.375785399197277	26.39957373066619	26.420532369736595	26.44317883748551	26.465497924671787	26.48624260897044	26.50945422154921	26.529270004837297	26.549862242227487	26.571383380628248	26.59475570730141	26.61648650153723	26.642556245634097	26.660907083576223	26.67496196102412	26.68757272643459	26.698644472513195	26.70825424943277	26.71370331701986
In1_1_trimm_paired - polyg	0.0	0.0	0.00037698367819403387	0.0010548929240692703	0.0021577355265053255	0.004606475997581484	0.008890531744075966	0.012748000696824567	0.019085625427165496	0.03149533287592647	0.04768446704230114	0.06284417121725648	0.08393442388759062	0.10436627787083323	0.12018603417006515	0.1330335717854304	0.14508316061528498	0.1559849333512698	0.16643498704829585	0.17559337561635177	0.1839647280843184	0.19170016861091038	0.19875836126650115	0.20490947828236714	0.2106320243798651	0.21611316864834418	0.22105000139550096	0.22566573664131884	0.23015547997363495	0.23460554081350962	0.2383707479713318	0.24197226484783285	0.2452639275958534	0.24860850033379595	0.25186544090093016	0.25376127197732173
In1_2_trimm_paired - polya	13.391754890767988	13.410900039933814	13.444005159253118	13.46300480594666	13.476262065296483	13.487703850617109	13.496915149175088	13.50677459510961	13.517978285475586	13.554279168186175	13.594159411714987	13.627120681999187	13.6553458468105	13.682187415385352	13.70683884106487	13.730035242021538	13.7523774773284	13.775043455636098	13.798904869028595	13.820069526372256	13.84287108652913	13.865206708087252	13.885470572852492	13.90856710620318	13.92822779708331	13.948785642980052	13.969376557620501	13.991803779598674	14.012991585062926	14.038067613411574	14.055889682141913	14.069519295545811	14.082219346564267	14.093862851221473	14.103733540528856	14.109614485908681
In1_2_trimm_paired - polyg	0.30069573991247894	0.3043349551567994	0.3047053250862532	0.30507238814133686	0.3053683533974629	0.3057850195680984	0.3063190797788733	0.3068647140499436	0.3079526757177141	0.31001318913773784	0.3130488998095108	0.31733130211882027	0.32456674324064955	0.33226779227379233	0.33813584084357573	0.34254258162920176	0.34648437587838854	0.34988086654394196	0.3529827147031174	0.35569005274993715	0.35812721916071794	0.36040267941479964	0.3625465260689505	0.36453263481564635	0.36634017234635563	0.3680858713263437	0.3697095466420741	0.3712075607317399	0.37269036319930304	0.37411364192820407	0.3755551084661407	0.3770081490643728	0.3783623141189382	0.37967778874337316	0.380935723753768	0.3816579451162029
In2_1_trimm_paired - polya	2.8262652054590394	2.8346525595249505	2.8408194906486326	2.8445010775196353	2.8478931627524133	2.8499114807773918	2.8522056447029422	2.854423336497641	2.856916874192912	2.864558078753513	2.875264723302254	2.8852503449029654	2.894469606506642	2.903682859585752	2.9127551854522915	2.9216308686966412	2.9303530614497815	2.938975840432815	2.947636309251768	2.9559368128262116	2.9642132823023877	2.972696226531864	2.981201566171089	2.9897932100722757	2.99829581856397	3.006535690663239	3.015072711613817	3.0231552696153337	3.03101332728985	3.0386348675882324	3.045831987560388	3.0526707809765523	3.0591468780006776	3.064996449781325	3.0708826189388803	3.0740048667956534
In2_1_trimm_paired - polyg	0.0	0.0	0.0006773245875434656	0.001461163928773202	0.002952370480380993	0.006082265550239104	0.010605045860609986	0.015226147482075889	0.023375891712840813	0.03775101362443871	0.05817945092245327	0.07639347380280556	0.09785810847386042	0.11805658314981389	0.13548676668893644	0.15092157384233623	0.1649126964111574	0.1785099875060925	0.1910475933592257	0.20227916446331343	0.21265807130840483	0.22233780438570946	0.23121567254808362	0.23967786005632824	0.24683510527453958	0.25345103705222216	0.2595453196515952	0.2652883766785564	0.27060592092027874	0.2756858553268547	0.28026435104684616	0.28454296676799773	0.2887620434729862	0.2925353969010106	0.29612030114943616	0.298115677535159
In2_2_trimm_paired - polya	1.4244354567841513	1.4283246108674654	1.4337978305184216	1.4374302567338764	1.440543764918552	1.4429171321224845	1.4450119222783144	1.4475054599735855	1.4501055124225426	1.4583262664890984	1.469891583821403	1.48101445525378	1.4913059653778982	1.5009403614061978	1.5100744112069253	1.5188474033041313	1.5272888340911446	1.5354292924203063	1.5439488340266896	1.552193075962007	1.5600090739645551	1.567675405082436	1.5752838358726724	1.5830938253506535	1.5905651525348627	1.597937065948965	1.6051888088717283	1.6121860088446573	1.619049928818102	1.6257882160051473	1.631920734669946	1.6378216520241655	1.6433549569207908	1.6486501057527636	1.653634449995775	1.6565119870338225
In2_2_trimm_paired - polyg	0.2642794907808203	0.2700859104304873	0.27027162846255565	0.2704682710847457	0.2707195366575441	0.2712548415735059	0.27196220878388394	0.27260402845353193	0.27407065467736597	0.27645549270092634	0.2810148703882048	0.2869988146273489	0.2959722729532876	0.30477858505036476	0.3119838984651115	0.3181431823757083	0.32334820333917746	0.3281189718453102	0.3324767908448439	0.33652817509146477	0.34009505376618965	0.34348932391699216	0.34641602161058727	0.3492536838946907	0.3516456229018301	0.35382453240159684	0.35589419600014705	0.35781692386156083	0.3596866674608844	0.3614001894214681	0.3629929946612075	0.3644579821965232	0.3658956582565348	0.3672475762840913	0.3685847461149836	0.369248414964875
In3_1_trimm_paired - polya	5.446510702035862	5.460556363832283	5.470420831075701	5.476451305433947	5.482021306658265	5.485158433784604	5.488647687425124	5.491592745543728	5.495052450106136	5.50612547464438	5.522364170521425	5.535546014267673	5.546977567620358	5.556737135636474	5.5658229846716125	5.574407484348099	5.582906784182694	5.591059374834094	5.599974331700812	5.608280577558402	5.616485371581135	5.62503391987925	5.633491358519851	5.642111809574709	5.650249133202418	5.65833474594343	5.666273598263144	5.674133160556591	5.681767657371742	5.689536602492307	5.69668895684958	5.703560102480142	5.710232284318077	5.716503091178311	5.722589216300335	5.725877536209687
In3_1_trimm_paired - polyg	0.0	0.0	0.0009480329227948582	0.0020782851606204163	0.004555482875767501	0.009271023257980886	0.016158420881506128	0.02318125177971635	0.03417350883778453	0.05330161206965585	0.07885614730648825	0.10171629910404238	0.12814253214521087	0.15446879080543002	0.17672663389411244	0.19685940578182873	0.2158885196020212	0.2335416313514143	0.25025360496290555	0.2655526401559561	0.2790792231468566	0.29164053625272973	0.3030538676739094	0.31363883993865216	0.32363283064113324	0.33303633226598783	0.3415420344008397	0.34928192292792754	0.35671794843508575	0.3632758738376501	0.36969984341943507	0.37548949279105914	0.38103289984507416	0.38630150047263745	0.39129233976593786	0.3941034420637628
In3_2_trimm_paired - polya	2.6383805489844425	2.6430542281726623	2.6514831027044203	2.656230654587923	2.6607541259624012	2.6638543167410993	2.6664644853077553	2.6694637167362334	2.6728643231424143	2.683927497987954	2.700213964874617	2.7133367104646386	2.7253282188475643	2.735259171516738	2.744588307961674	2.7535367537835875	2.762341886576652	2.770685561266517	2.7793404862458395	2.7876073333326112	2.7955442157137855	2.8037278328972053	2.8116120194224123	2.819584853181958	2.827288790330675	2.8348661589281408	2.8418796326182814	2.848869959530568	2.855418527725063	2.861980885489344	2.8682428276261422	2.8742614823531425	2.8802220238931873	2.8859161312455797	2.8912502323296265	2.8942189297107213
In3_2_trimm_paired - polyg	0.32137823598110477	0.3279553682844426	0.32824593421922127	0.3286571588896284	0.32910039506132466	0.3297209257016995	0.33084132824682067	0.33186569628807433	0.33367311489932483	0.33725594062053654	0.34333763338084494	0.35120162803600774	0.36311827875438024	0.3745508170763335	0.3840734999829108	0.39250631439175043	0.3996596537182935	0.4059368628787835	0.411908239080803	0.4170960722281906	0.4218515038658566	0.42633656143878795	0.43019123867864006	0.43364454094078947	0.4369461579352916	0.44019163168137904	0.44311748289920977	0.44576212539033105	0.44806695348315173	0.45029840136532495	0.4524968527769387	0.45465048808674735	0.45664652831328645	0.4584726613406752	0.46019685004857375	0.46108135245342546
In4_1_trimm_paired - polya	1.114632503878504	1.119114362178545	1.1223284813800467	1.1249935611578312	1.1272580542316164	1.128964082312179	1.130481599002624	1.1321475684127864	1.1338535964933487	1.1391620772390545	1.1470936939782441	1.1552048678165203	1.162939490153037	1.1705468673012243	1.1781811073225037	1.1856527562698063	1.193015068610841	1.2006785278975887	1.2080700595040916	1.2158060956760341	1.223582661796852	1.2311608196795711	1.2385005106537919	1.2458807315768878	1.2533420123977341	1.2608541912939126	1.2681674906735168	1.275268714739239	1.2820254342395216	1.2886068381469953	1.295007271119956	1.3013120345624323	1.3074381834627722	1.3130680761286284	1.318307278938466	1.3211538009292387
In4_1_trimm_paired - polyg	0.0	0.0	0.00018851139011739405	0.0007705403071048482	0.00221500883387938	0.004993195445734475	0.009133376851187742	0.013212292054852855	0.020698550634889866	0.03371054933774299	0.05153995661504612	0.06825667541218133	0.0892087738667791	0.10895722709547731	0.12686486659967916	0.14317722846501255	0.158046064360522	0.17185782263594818	0.18450363796349825	0.19622810387184958	0.2069544019695293	0.21670044083859857	0.22568772136244536	0.23379465369444388	0.24149015991751122	0.2489778323329741	0.2558844183884001	0.2623423473353467	0.2682917668074517	0.2735936496545034	0.2784412200513722	0.28303194367920603	0.28754349252319056	0.2917161921434391	0.29571121977850195	0.2978668475244943
In4_2_trimm_paired - polya	0.5629798410160914	0.5657910171212172	0.5696460750491178	0.5725467940645492	0.5749974421360754	0.5768236462278375	0.5785815149406823	0.5804666288418563	0.5825143338170065	0.5887752683612805	0.5985066975976155	0.6081424573034662	0.6169977798542308	0.6252088647292691	0.6333440737697853	0.6412846448000052	0.6488628026827244	0.656274599263665	0.6636312562629963	0.6709002554659231	0.6783436277047084	0.6855885917053952	0.6926115835442187	0.6997005543695833	0.7062993955806427	0.7127870150715327	0.7194574906108367	0.7259856400506021	0.7321004782675351	0.738252076205541	0.7439069466305874	0.74948311355026	0.7546294745004648	0.7595590473520347	0.7641884158148426	0.7667606537329944
In4_2_trimm_paired - polyg	0.24874077925990146	0.25545885392521006	0.25576518493415085	0.25596547828615057	0.2561587024610209	0.2563825597367853	0.25681377954167883	0.2572874144093488	0.25817341794290055	0.2599515516301829	0.26325191479266313	0.26803067853213913	0.27560930769333364	0.28307200234960594	0.28934330502033634	0.29478704268845146	0.29943290589789456	0.30364802058091955	0.30764210565903183	0.31137133223402913	0.3146636836624294	0.3175874953231502	0.32034494568209243	0.322821985348235	0.32507940924489076	0.32732316606576306	0.3295084843556989	0.3314534506232351	0.3333343230181315	0.33509219173097615	0.33679869109001387	0.33846890200645396	0.3398964045081179	0.34121504168198913	0.34258928971594493	0.34332636925130394
In5_1_trimm_paired - polya	3.775545534824576	3.7853353212509933	3.792630360349379	3.7970522463483207	3.800707568078368	3.8030423706988943	3.8057107165509243	3.8080533213523045	3.8106085355819532	3.8187661057737365	3.829672774389388	3.839070501227897	3.8472467966537307	3.8550478071804912	3.8624731426991374	3.869742434600706	3.8771771327363767	3.884527177209783	3.891879952446488	3.899029480871949	3.906227772927747	3.9133917353877883	3.9203036874062485	3.927385726967323	3.9343093822570645	3.9414347239218785	3.94833380234193	3.9552633092673117	3.962114794384154	3.968759131599326	3.9752146560378336	3.981062780696866	3.986754081520735	3.992194542230152	3.9972058829926054	3.9999050474590083
In5_1_trimm_paired - polyg	0.0	0.0	0.0006865919151422327	0.0017632928729789158	0.004236584203661731	0.008986161798466666	0.01575455368921538	0.02241761613843659	0.033561080943003564	0.05297017614418056	0.07781114965583508	0.10056621011620237	0.12724498732799044	0.1527159869435965	0.17499589458996195	0.19529053731805535	0.21389054636468402	0.2310927947113385	0.24736541320925212	0.2621365020018348	0.2757232197407971	0.28829760451396735	0.29980543116441094	0.31043785312304817	0.3205104686054189	0.3298297835263466	0.3381453478804215	0.34589291346833334	0.3532191612901351	0.35991226213564376	0.3661789737974874	0.3720707906693017	0.3776493499798323	0.3829080198753535	0.387988800047406	0.3907410193436154
In5_2_trimm_paired - polya	1.7766365527842793	1.7800909683573387	1.7856851320295772	1.7892175694111754	1.7924769304628876	1.7948019803573465	1.7969261240948178	1.7993506517951638	1.802015096556767	1.8102030952538803	1.8217323779016723	1.8316555816206914	1.8412483629805478	1.849558465808025	1.8574862617736616	1.8651109430131245	1.8726958331302328	1.8801554982446362	1.8873830484786365	1.8942286819598384	1.9008035797654106	1.90747795537687	1.914114490411188	1.9206261905518438	1.9271367203653713	1.9336597336682655	1.9400391868434474	1.946144003252573	1.9521684571989035	1.957896428272786	1.9633446911630572	1.968428202098408	1.9734024825018053	1.9782203291790814	1.982641434959938	1.9850640121150704
In5_2_trimm_paired - polyg	0.23327935589564092	0.2382629989160625	0.23846585561826364	0.238686267227386	0.23894959083120476	0.23938651295902252	0.24020184085825394	0.24100156439577755	0.24250543475536468	0.2457285156661062	0.25138509678517573	0.2590932613597754	0.27074191737463166	0.2813427405008107	0.2901580345385772	0.29798167138981435	0.3048409586875109	0.3111158626392511	0.3168149656439744	0.32190354799688076	0.32662620806773973	0.33102663806933313	0.33507089851494654	0.338774203657245	0.34221067421434037	0.3453253048112129	0.34840989701179786	0.35123233593569225	0.3539248685483693	0.35638021486308824	0.35874544598894464	0.36100651800040173	0.36317240340544127	0.3653012284514249	0.3674253721888962	0.36858087517335714
In6_1_trimm_paired - polya	0.8848760247646318	0.8885617529169253	0.8912379120535906	0.8932474351418411	0.8951768337050416	0.8963530617327736	0.8976414640955753	0.8988048721992993	0.9003496730422605	0.904691140307562	0.9114209594155499	0.9179725815798268	0.9242710102449461	0.9303412442627235	0.9364108372843004	0.9425663237967308	0.9488384716176338	0.9554074006793215	0.9619981236118225	0.9684080856158113	0.9748936851714471	0.981274802346418	0.9874879785168842	0.9937255125429655	0.9997803626519332	1.0058550836431137	1.0118778839420612	1.0179660658534497	1.0240228389510186	1.0298494944126444	1.0351780958265604	1.040411829802817	1.0453622434584975	1.0500139528847923	1.0543387542488833	1.0567687708445954
In6_1_trimm_paired - polyg	0.0	0.0	0.0004134425492572729	0.0012723774577917623	0.003387664919108042	0.007201592311481335	0.012957738191063212	0.018271596692369867	0.027514761902121612	0.04310763547302459	0.06394065298218835	0.08276222441450046	0.10551374355145804	0.12794027761481339	0.14802268857331008	0.1662615944594596	0.18296339145705265	0.19902867922764958	0.2142343910935116	0.22835617838449918	0.24135237634758636	0.25314798842732633	0.2640013360924801	0.27400472279590493	0.28346198073658985	0.2923045233210923	0.3000874991863355	0.30765894630544693	0.31484066773471586	0.32131985732834767	0.3273497085854999	0.3329039406619561	0.3381351106534113	0.3430759093660859	0.34806862877099265	0.3508941400223509
In6_2_trimm_paired - polya	0.4287847933138199	0.43095777043317207	0.4337364889619012	0.43603446034033116	0.4379478339985218	0.43935161567739534	0.4405470735911392	0.4419989299850427	0.4439187136052373	0.4489043820519398	0.456949525363146	0.4645094345506503	0.47171871881653643	0.4786350678188403	0.4852860443941789	0.4916812634855585	0.49802584387710647	0.5041659464807273	0.5103669437233861	0.5164570486233757	0.5225131807247443	0.5284135507494159	0.5341196989253666	0.5398232831165158	0.5451698324240428	0.5506926556866796	0.5559648494349603	0.5610242324447086	0.5659374683207659	0.5708353202880136	0.5755831791443681	0.5798752897022389	0.5840827887616573	0.5879973525574931	0.5920138347491924	0.594229117617771
In6_2_trimm_paired - polyg	0.18535687126934203	0.19067072977064867	0.19090469338379426	0.19118993669297177	0.19142710528711934	0.19183093289337064	0.19237898464471168	0.1929911360160926	0.1942346686448664	0.19671083696700725	0.2009798716616637	0.20701933786182192	0.21623173525395453	0.22481211039249388	0.2320066517457708	0.23831533635009644	0.24382918566592765	0.2491488131330378	0.2538851340577851	0.2580830181741973	0.2621911628225537	0.26593906760628594	0.2691568685322882	0.27214455182234737	0.2751546699794205	0.2779391574739532	0.280358918130459	0.2826915033037104	0.2848631984306618	0.2869361801427518	0.28908031243308596	0.2910757336049277	0.2929352635822848	0.2945678809047007	0.2961325526298745	0.29700558945481764
In7_1_trimm_paired - polya	0.4526794708078219	0.45542361600356884	0.4576755748365515	0.4594023515729534	0.46095590070681813	0.4620832549455518	0.4631556162945912	0.4644067045351371	0.4656990374429538	0.4696057323268388	0.4763231138030008	0.48257305571676107	0.4885986266405685	0.4943750797740606	0.5001163374581483	0.5058751928669383	0.5118336724653186	0.5175765799360972	0.5234371721908215	0.5294033507937591	0.5351281106109386	0.5409832035766936	0.546804200950838	0.5528380208080996	0.5586243726617367	0.5644024755819197	0.5700430962778668	0.575662269746833	0.5813072898739557	0.5866932934906182	0.5921007443342613	0.5971479917504066	0.6019939651902708	0.6066689107431855	0.6109429581302285	0.6133851923615536
In7_1_trimm_paired - polyg	0.0	0.0	0.00020622333635372616	0.0007534025888122796	0.001941249006209742	0.004281196462703355	0.007682506690297478	0.011053570828559721	0.017188027673961895	0.02699216004866651	0.040454419445837754	0.0537247536579758	0.07119214521158487	0.08849785766949263	0.10450188842833566	0.11927022895574717	0.1329420112626538	0.14571520975195512	0.15775810266611578	0.16904704306256724	0.17922457715829632	0.18853542331244283	0.19702687541014388	0.20485841283151296	0.21212627313351523	0.21884530439636807	0.225195333369372	0.23110871879820297	0.23631104616328633	0.24131319940988233	0.24586166131650006	0.25020115024227946	0.2544812468471889	0.2585628191203019	0.2623914241008209	0.26455154480801407
In7_2_trimm_paired - polya	0.23086015093678464	0.23289763749995945	0.23579301314236575	0.23786349543935717	0.2396700118658158	0.24097334335157136	0.24213919261309108	0.2434700205436938	0.24524904052530527	0.24998997754585323	0.2578303138295734	0.265181763323911	0.2722576984408801	0.2789310856052866	0.28541254758466006	0.29130448578651025	0.2969049616729805	0.30239875135344374	0.3081191117394476	0.3137701810844368	0.3192914672097471	0.3247192654225772	0.3303312898158833	0.33556496312809236	0.3406127604731346	0.3458266363450538	0.35087993297906545	0.3558540398519173	0.36064062097091154	0.3652523247006778	0.3697815390959026	0.37414907439542605	0.3782185482328062	0.3821807859352825	0.3858191155174592	0.38803532897214055
In7_2_trimm_paired - polyg	0.22570181788345675	0.23122035436428248	0.23145132450099865	0.2316960428601384	0.23184177401782838	0.23209474131042226	0.23249893904967558	0.23289213821099	0.23370878262295078	0.23515784526639627	0.23794598477389864	0.24194341792577928	0.24820380848858145	0.25409574669043167	0.2590544555541691	0.2632790093404873	0.26718845386885703	0.2707415444720075	0.2738491926686339	0.2767715148269904	0.2794045743855548	0.28188255399518114	0.2842752946257814	0.2864805095025239	0.28854714229723666	0.2904696937209504	0.29229215808542036	0.293972190865582	0.29556533488002673	0.29706224133750625	0.2985063546208793	0.29992077174381737	0.30122575301626375	0.3024878398347486	0.3037301292129434	0.3043856444580998
In8_1_trimm_paired - polya	3.836936683929059	3.8502879903731935	3.859439514981995	3.8649138972727495	3.8701429589737577	3.873353458865657	3.8765639587575556	3.8796704640516273	3.8830009577102502	3.8945651569886452	3.9136756309298923	3.92897776936814	3.9426698581097703	3.954974285602444	3.966235567283065	3.9766248942588263	3.9870755513820244	3.9975075428081768	4.008302715368279	4.0188701664244215	4.028873380124147	4.038836595901632	4.049147526949801	4.059494189475171	4.069658461475122	4.079816867113143	4.089335839300935	4.098548694057174	4.107503962194177	4.116125381006874	4.124371352656134	4.131960825075007	4.139383372831725	4.146444872677014	4.152897870798605	4.156469418601935
In8_1_trimm_paired - polyg	0.0	0.0	0.0010906100131118522	0.002066559315798742	0.0037918030284720145	0.007239623925669141	0.012380690197746527	0.01708177932516999	0.025726663585582274	0.04030510628407889	0.059252388702581524	0.07752343958239183	0.09879273471340741	0.11945406142635577	0.13797896578599061	0.15476529379220513	0.17028662084433588	0.1847226709396536	0.19792411850179087	0.2102536113590686	0.2210349179727944	0.2309458697985502	0.24033844855205921	0.24939397814748182	0.25773221167071114	0.26558300384822675	0.27246264647372453	0.2787028556489919	0.2844609565348445	0.2900777314287781	0.29549558332276493	0.30038706256005687	0.30498522370091286	0.30920687106707095	0.31331492433406394	0.31567426844066876
In8_2_trimm_paired - polya	1.7751504535177747	1.7800755310097491	1.7873418202169125	1.7919175825213134	1.796288022158209	1.7991758721440283	1.8020263907357559	1.8049995696223566	1.8084953880262433	1.8204888983366943	1.8399097561545332	1.8552529591262832	1.869239432575609	1.88164572144359	1.893745892880018	1.905070104624965	1.916199126509375	1.9268631058845265	1.9376017480478616	1.9480780038412937	1.9583926680288717	1.9683905486722986	1.9784086949296609	1.9883233798948257	1.9975874319915328	2.007348524935291	2.0162360632573004	2.0247268221906767	2.0331413184189793	2.0411467692291607	2.0488823673906222	2.055979065407482	2.0629397704887227	2.069577292358253	2.075883098125996	2.079446646344878
In8_2_trimm_paired - polyg	0.33392132056713425	0.3409529552971488	0.34117427713355053	0.3414142646669981	0.3416729178974916	0.3421075619858467	0.3428568563958331	0.3435154888487393	0.3449687466901719	0.34753927982621063	0.35208571032096786	0.3585952388393264	0.36798141792527683	0.3773425316466227	0.3850493313040698	0.3915476604042009	0.39717296818821246	0.4022703033986395	0.40703592250727877	0.4113306327447311	0.4150637721539159	0.4184582624881246	0.4216079655382169	0.42454381303072575	0.42715061094959655	0.42963154873981485	0.4320079586265759	0.4341161157815055	0.4361309444512056	0.4380471115793772	0.44005767380403815	0.44190077806091566	0.4435721579049707	0.4451347434005295	0.4466029337995988	0.447390092909307
In9_1_trimm_paired - polya	2.3721936181256544	2.380062463807335	2.3860311790339286	2.3898831171322104	2.39444661035907	2.3969549415665163	2.39971967113035	2.4021266355457365	2.4050126077432106	2.4163613157687873	2.437073135246058	2.4518428731244533	2.465087338919969	2.476124791266396	2.4861847497238996	2.4956746690448774	2.505195992195552	2.5143965192631192	2.52367217701186	2.532971288253666	2.541845851519314	2.5507275700879317	2.559383101579364	2.5683009941796575	2.5769573207047536	2.5859551141882005	2.5942560606658387	2.602590398557332	2.6108257547577542	2.6191115955957915	2.6269935593329152	2.6341393218979006	2.6410418041619415	2.6477173043151345	2.6542043814901457	2.657642504566723
In9_1_trimm_paired - polyg	0.0	0.0	0.000916276296856427	0.0017709374848136148	0.0036412541775292283	0.006910830117504982	0.011710845859171513	0.016443283739464687	0.02460231670821877	0.03856986562042887	0.05750716996140211	0.07527179964913178	0.09669080156983371	0.11798140555392629	0.13693461056816386	0.15395588378078656	0.16938390953232443	0.1841107155929058	0.19765808921410621	0.2101814594770845	0.22141647768882122	0.23178649927497902	0.24142389734048325	0.25007426111310477	0.2582833812026415	0.2659029838309035	0.2731369951325058	0.27986377495697623	0.2860813357201569	0.29164855894682684	0.2967260414369558	0.3014632495192282	0.30598937616391686	0.31023644599281663	0.3142354653187931	0.31654662817776197
In9_2_trimm_paired - polya	1.2235150684220877	1.2280745864806315	1.2338008164399445	1.2377561089144442	1.2420850672106551	1.244718616220058	1.2472150219225564	1.2498147820012726	1.2530366559214554	1.2645638490044242	1.2851731091391405	1.300327643310532	1.3144597641910278	1.3259686714997425	1.3371921617233626	1.3474508785966701	1.35729975561659	1.3665018727514835	1.3759965622744403	1.385232865856852	1.3939484223898573	1.4027327493347306	1.4113167277964738	1.4201479617274768	1.4283777526922574	1.4366592208451465	1.4443082397189477	1.4521818556026072	1.4595828239734847	1.4670859541700858	1.4740862255747025	1.4804206562863758	1.486815509556454	1.4926900132939565	1.4984122680849536	1.501590017636828
In9_2_trimm_paired - polyg	0.22681714136304745	0.23118386375826128	0.231368709084959	0.23162908260966222	0.23184572928288857	0.23220746959965186	0.23282362068864423	0.23332051672815424	0.23449319138139782	0.23659883803842535	0.2404793973485826	0.24593968854755005	0.254173852197478	0.2619254304138339	0.26834691731162946	0.27417809171448715	0.279339847772917	0.28396495610867595	0.28824819996925205	0.29213233693089374	0.2955966961183575	0.2989183467632738	0.3018456607112351	0.30457222865923433	0.3070264975775821	0.3093289150662556	0.3115772702658304	0.3135994383882203	0.3155043390452858	0.317341661840978	0.319053369317882	0.3206366788581766	0.3221341247628439	0.3235568375031689	0.32494854393062855	0.3256358505324788
Z10_1_trimm_paired - polya	0.06053537126207411	0.06278880301802273	0.06421492591252168	0.06534426816783391	0.06703302879612641	0.06778942546945181	0.06866663550032226	0.06970405454880675	0.07056025356097372	0.07491583773820586	0.08234585922722523	0.0883282215275746	0.09359620919200552	0.09860260967357806	0.10301334777490687	0.10815684515351964	0.11222457837451405	0.11572133716224131	0.11937725441664745	0.12294912759623966	0.12650839416460977	0.13046214260913777	0.13411805986354394	0.13753602733113313	0.1411257598766233	0.14534372188134764	0.14910206785193325	0.1531934384689691	0.15669755111324257	0.16028570783232995	0.1635844377687769	0.16628172729483656	0.1689254387232024	0.1713994861755376	0.17363190691278274	0.17486420315974205
Z10_1_trimm_paired - polyg	0.0	0.0	0.00023112120573831932	0.0005489128636285084	0.0010951993499190814	0.0022823219066659033	0.00405512660977233	0.005588930975126631	0.00943657377520206	0.018666189016174804	0.030598346537883125	0.04697643561724857	0.07762783497735799	0.10128624203748052	0.1201410049465191	0.13635205642719184	0.14959582679146513	0.16343525953598217	0.1757771319224084	0.18668500228232193	0.19551698399433123	0.203540566761724	0.21093592006988265	0.217439880909546	0.22348895319427892	0.22863875387850272	0.23332105939657405	0.23785838888559133	0.24178009552659652	0.2452343070014492	0.2483192498225882	0.25115311097022053	0.2537800135836236	0.25633442818249963	0.258912480177417	0.260305510717458
Z10_2_trimm_paired - polya	0.07564492008721674	0.07804017621941386	0.08023057491925203	0.08196398396228942	0.08392851421106513	0.08514452691852925	0.08648397936087633	0.08779979440718198	0.08904732364270132	0.09422233754936933	0.10319561836215958	0.11093397655065258	0.11791593806582017	0.12403907419148286	0.1293096882332517	0.13522061307000924	0.14016765742374443	0.1440032188880654	0.14771534061750333	0.15125937419731342	0.15483177265237322	0.15889005091495106	0.1622413083981567	0.1655731306890616	0.16887291117644368	0.17246894702754495	0.17565999549313652	0.17937526887537997	0.18244760508529684	0.1856402293772912	0.18848879823801598	0.19064347820605823	0.19288798027905785	0.19508205590716915	0.19721414903010512	0.1984017968623195
Z10_2_trimm_paired - polyg	0.31835107626316933	0.324751557835718	0.3250483384749047	0.3252505695299257	0.32539239390617425	0.32554735016911246	0.32573119658276795	0.32588352646836816	0.3263536480118586	0.32768312022032153	0.3292999181095546	0.33196043835288325	0.33598299788366515	0.3402309005900419	0.3438862925689805	0.34657255131022086	0.3489641305141449	0.35125643265469497	0.3536490624095541	0.3557701247476708	0.35743472270445426	0.35923063952813455	0.3610286574536851	0.3626123629884602	0.3639964638455522	0.3654173339853753	0.36703518242554356	0.3685012262555791	0.36972826974786255	0.3709279989158314	0.3721729017740128	0.37332378032349617	0.37452508531786777	0.3757642101459057	0.37696919206855056	0.3775233576868549
Z11_1_trimm_paired - polyg	0.0	0.0	0.00022162746297671075	0.00048420782672085714	0.0008383299686510363	0.0015562102291625558	0.002546306830069383	0.003553266390115743	0.005964669547068867	0.012717561984202732	0.021320561938359572	0.03303453695434385	0.05484123391475452	0.07233342232960768	0.08673824382542876	0.09890655514051531	0.10893086165071844	0.11931266289467968	0.12842636961134804	0.13630378052367245	0.1427521760986296	0.14838247725590317	0.15349725366233963	0.15795630185766454	0.16218408661336156	0.16593922671431915	0.16943564084219304	0.17274559882186696	0.1753810384359596	0.17785411184348016	0.18020914453702394	0.1822115004851353	0.18417338533131172	0.18622440296151144	0.18804078456025536	0.18894463917013427
Z11_2_trimm_paired - polyg	0.17375833996790402	0.17604447542839202	0.17622033200227574	0.17634078171041526	0.17642268751195012	0.1764973663309966	0.17658409012085707	0.17667804089320588	0.1770225270584849	0.17783532168901037	0.17904319136223343	0.18119731394260055	0.1841093060865815	0.18734747604020427	0.18996605269515737	0.1918465135386315	0.19371155681946378	0.1955751547037984	0.19727542278389582	0.1989496737270351	0.20027799310839764	0.20152007049873238	0.20289030637852754	0.20400567067589942	0.2050656281075272	0.20626097101110377	0.2073715173201501	0.20852012573696851	0.2094851687985823	0.21052489067924265	0.21166338132057735	0.21280283555957719	0.21388784653049794	0.2150340459531536	0.21614121967037203	0.21673479583208358
Z12_1_trimm_paired - polya	0.07651276832643769	0.07801237573970977	0.07940486833774814	0.08043885420724915	0.08230134038233343	0.08316700297075288	0.08393429481048832	0.08465349428420044	0.08561971363794134	0.09002278834903847	0.09881451006142576	0.10449946492870765	0.10996581813224726	0.11424035506506396	0.11785384056672395	0.12113548874282314	0.12437778861944873	0.12752827579730258	0.1310473253802259	0.1342529001773428	0.1374213126916235	0.14073137908400918	0.144024394546623	0.14771570224057523	0.15106511693243455	0.1548574185950357	0.15857801891192944	0.16224877804948995	0.16574203263609166	0.1692383476459858	0.17272198375938286	0.17579202552497955	0.17903257658829522	0.18209256267735974	0.18496280252229597	0.1864519170557084
Z12_1_trimm_paired - polyg	0.0	0.0	0.0001683232810815606	0.0004743656103207617	0.0009771494369280205	0.00206797173900203	0.0034407901873035893	0.005012536149610629	0.008365885671417304	0.016773305658945643	0.028024296088433643	0.04482645716699326	0.077254702373179	0.10244504649285764	0.1223124401004116	0.13943769443798235	0.1536319376680965	0.16825901219242037	0.18112809213692876	0.1922238753851597	0.20126786341750563	0.20940727776528592	0.21658353318261767	0.2228888795716002	0.22889124405463587	0.2340965868716672	0.23904922616541247	0.24369538592659104	0.24763895994050186	0.2511846789264017	0.25453890285486336	0.25758096360750105	0.26027020127485867	0.2628413940437954	0.26525519361483774	0.26654538063424477
Z12_2_trimm_paired - polya	0.09484688986450325	0.09641644981017287	0.09806252033815228	0.09924078330572321	0.10092401611653883	0.10183558505434416	0.10272092179250042	0.10353849201489657	0.10450471136863747	0.10888330269339548	0.11782279913047253	0.12400310536779446	0.12953897390040411	0.1341134323158752	0.13838359721541704	0.14227995326995954	0.14612603094184135	0.14968486602756575	0.15337180168824316	0.1567942293357924	0.16002385031592095	0.16334484679149378	0.16660201158125382	0.17017833480007766	0.17312770844728856	0.1763660734939668	0.179449231359388	0.18247424118225378	0.1853296161140555	0.1884075275395469	0.19144084422563487	0.19414057477285213	0.19701474944773567	0.19966070398567232	0.20228742157719962	0.20367772815860058
Z12_2_trimm_paired - polyg	0.1484108555312757	0.1506952429173826	0.1508657522151016	0.1509728670303353	0.1510865398954813	0.15116742251106594	0.15134230384205977	0.15148439492349225	0.15186476181840383	0.15310641926846	0.15451596279627028	0.15677761560934797	0.1603364506950724	0.16427871309900083	0.16738067070750387	0.16988890619728284	0.17234642610107362	0.17472743542255462	0.17693050298974938	0.17898448422227192	0.18068389355620443	0.1823937957699966	0.18406434968431515	0.18538907576659341	0.18668888125920505	0.18805426725093938	0.18935232393024104	0.1907115890753906	0.19187192670653466	0.19288623842629887	0.1941799230723257	0.19553612779418286	0.19676073431446714	0.1978668587330031	0.19891177468569127	0.19941936774890084
Z1_1_trimm_paired - illumina_universal_adapter	0.0003598700021191071	0.0008526856101166105	0.0018383168261116173	0.007587068197542959	0.008753780497406816	0.01240749249344412	0.014630893143479368	0.015105371426528126	0.01789264481873726	0.02110442728350983	0.032680780523652114	0.04158401021939119	0.05055096211932716	0.05979022329475199	0.06803743519044973	0.0777979348275426	0.09195159908923092	0.10392403854826608	0.11226889669931588	0.12038270455601152	0.128571695444997	0.13881905105947906	0.14212572918086136	0.14394112435078707	0.14529304363263323	0.14623970803311218	0.14691314629185478	0.14753569847386466	0.1480266803493673	0.148450730988807	0.1489160406093814	0.1493841008286981	0.14970500401530112	0.15005983125305936	0.15275129212241126	0.15652511359686286
Z1_1_trimm_paired - polya	0.2824177258668483	0.28418956989002075	0.28573448951695246	0.2870914515631595	0.2887143048211234	0.28959449641866314	0.2904838566786772	0.2914167680854446	0.2925605587291225	0.296409563235864	0.3036743529474327	0.3092186431456856	0.3144713698772533	0.3190850408343574	0.32361619382919216	0.3277778497263097	0.3319193345659836	0.3361048289855345	0.34049203397952155	0.3447242885776917	0.3490051370869761	0.3532969879912297	0.35763651594035	0.36211999189031807	0.3667414562105253	0.37145277342298144	0.37612237322117925	0.3807562152357269	0.3853249597467065	0.3897873477729835	0.39397513435815296	0.397862188814163	0.4017918775506789	0.40551985571275856	0.4089961540899168	0.41089590095460676
Z1_1_trimm_paired - polyg	0.0	0.0	0.00022004789938493173	0.0006830653543407257	0.0016228532579638717	0.0036170373461398156	0.006722921759333383	0.00908156018086562	0.01431686645373212	0.02379772188535665	0.03722476964595095	0.05259557385111215	0.07525867375526525	0.0972061595532936	0.11608535245427332	0.13285254395428142	0.14840442924331143	0.16451972884139163	0.17826905508796015	0.19192715314290862	0.20392893232186177	0.21448756402734875	0.2250461957328357	0.2349226789502294	0.2459131546582593	0.254639429168243	0.2621490221678775	0.26868536164585743	0.27455055503071335	0.2800008664386039	0.28476261129466895	0.28925754807272996	0.2937240619971203	0.29903042540416325	0.3053265459253146	0.3083421190131356
Z1_2_trimm_paired - illumina_universal_adapter	0.0003575778365005141	0.0007151556730010281	0.0016778652328101045	0.007295963163981643	0.008416832151473638	0.012137016950450141	0.01440626091285725	0.014912829514566312	0.017789497365900575	0.02085274749858831	0.032217763068696316	0.041124660229425146	0.05034604251302495	0.06072405156776679	0.07002886867988337	0.0806723105132583	0.09597022385174822	0.1095815617280774	0.11899594435676275	0.12805504131456616	0.13778895183048337	0.1492580317196755	0.15352925313336174	0.1563559517742107	0.15864215776219537	0.1604085005878832	0.16199697136156815	0.16346900012182858	0.1646989761927656	0.16587760775384616	0.16698197314888427	0.16832609906762724	0.16990769334445643	0.17159610253911206	0.18400955466316454	0.20177704723912662
Z1_2_trimm_paired - polya	0.29106835891141847	0.29284937159706526	0.29489398332885025	0.2963815988153171	0.2980067442388996	0.29908406207963834	0.3001430425954283	0.30119514661436253	0.30240311789536106	0.3067000115639756	0.31456626553386313	0.3207839939908586	0.3267986365740468	0.3319335459928189	0.3370547024178795	0.3414794989280114	0.3458777063169678	0.3501305904057053	0.3546456982412099	0.35899943761716546	0.3632688252983569	0.36744056672419617	0.37157471663389063	0.3759885107490534	0.3801817985317074	0.384493362060281	0.38867885647983186	0.3926268825412965	0.3966665952275049	0.40054677318665916	0.4043435163172967	0.4077652611527324	0.4112012174150034	0.414412999879776	0.4176472455676107	0.4194181727245357
Z1_2_trimm_paired - polyg	0.21257543946831844	0.21615580216456076	0.21629791643291352	0.2164377385356477	0.21661423528827936	0.21685491267823165	0.21715747853988593	0.21750130338267487	0.21815915491521107	0.21952345189139763	0.2220714231930257	0.22626700314129838	0.2326534349878223	0.24048576490655468	0.24638625764193695	0.25177651431062026	0.2568738322132475	0.261791444331377	0.26579585766705904	0.2701977325210051	0.27467983317160194	0.27820059956176085	0.2821339557632665	0.2857762069312108	0.29088223506318867	0.2951511643112564	0.2978990124548257	0.3004827415401038	0.3029119786626887	0.3051358377458476	0.30691593356524705	0.3087139082764714	0.3105063817902112	0.31253769896140826	0.31490504761229116	0.31608734663836147
Z2_1_trimm_paired - polya	0.06243306692380107	0.0655771782077335	0.06855510075237235	0.07015410591962942	0.07251892676390145	0.07397644692338155	0.07585168472486982	0.07733390861586655	0.07885655679479953	0.08521170401713667	0.09878887485866658	0.10909616996490676	0.12030896912091951	0.1301397067882665	0.13857490820430235	0.14815815939772842	0.15562722033208734	0.16572969904611706	0.17566014995704018	0.18417844574272285	0.19215325943504002	0.20008001314058857	0.20868948815350521	0.21861859158816382	0.23057474848344914	0.23749987816568777	0.24429969255532388	0.25130252670215114	0.2588124610832011	0.26504184385418095	0.2721789764687076	0.27911174184977855	0.2853824472262044	0.29043727985325807	0.2954072214756455	0.2980392917790518
Z2_1_trimm_paired - polyg	0.0	0.0	0.0002739868404569687	0.000720899801530221	0.001462011747028579	0.002753343167215112	0.004900322015386113	0.007031580307137452	0.011188544583250968	0.02020630490432402	0.03145863003076333	0.044547116147019186	0.0663385022972	0.08590834924590511	0.10186965475816549	0.11616413213118688	0.12904331026768381	0.14209361788977765	0.1541876665228011	0.16476625351696922	0.1736542069578913	0.18167842811324172	0.1892144137020729	0.19586555654385454	0.202157821540513	0.20801844497376307	0.21338948536422936	0.21826869691813763	0.22255906134444087	0.22637825823690907	0.22990190866868762	0.23303928257129733	0.2361546476949195	0.2391195446356678	0.2419393632986003	0.24336095075769265
Z2_2_trimm_paired - polya	0.07311630790784861	0.07610096783381018	0.07914626419167617	0.08094963659238884	0.08349187514482563	0.08494714951053149	0.08671683500463061	0.08816088040146527	0.08971721548701184	0.0958257745529377	0.10883071714079193	0.11939762600733395	0.13099176094621223	0.14089660980810906	0.15005720261322358	0.16001684884321182	0.16795707731140577	0.17794771549547847	0.18817236539082674	0.19672524640063266	0.20489050340500517	0.21260839828954955	0.2207732061351672	0.23017275139786064	0.24084700920681126	0.24770162096453877	0.254480774051452	0.26123791835937754	0.26859963035132794	0.27443330425928714	0.28141727373841074	0.2879314231599639	0.2935822894547001	0.29819380239071935	0.30289604539521775	0.30553350560368214
Z2_2_trimm_paired - polyg	0.24913039496370865	0.2528718873915882	0.2530223555744621	0.2531615947884649	0.2532851134460479	0.25344231901024455	0.2536893563254107	0.2539071983215117	0.25445741779619985	0.2556216372887645	0.25735539008247593	0.2603095072131078	0.26488553660749403	0.2697557649863054	0.27388488141961836	0.27709636651677794	0.28014256119215364	0.2830459233834878	0.28575390151646324	0.2882804195124804	0.2904035929466445	0.29245849425007175	0.2944900392982469	0.2963001490802823	0.2979364344241917	0.299652670026464	0.30123820043107563	0.30271458525825934	0.3039026101648309	0.30510680478657703	0.3063401947273882	0.3075884069071094	0.3087719402261325	0.30986204852414745	0.31087714731010274	0.3114219768797328
Z3_1_trimm_paired - polya	0.03602818807485033	0.03787986498121842	0.03957251868893189	0.04072072008938721	0.042920091786034016	0.043849973201895716	0.044839151403696424	0.04572321257587798	0.04672047670303402	0.05142540713644904	0.061470821736207194	0.0685287564480201	0.0745511536526618	0.07927872467707173	0.0834618433942235	0.08711344728468563	0.09065292634355399	0.09402421815503172	0.09782406401034136	0.10158833179408759	0.10491218617681412	0.10834600914437298	0.11190812879423624	0.11581363074085538	0.11941510189411456	0.12331629134721082	0.12685900477622133	0.13075911610593693	0.1344436027595107	0.13807957386095254	0.141629834153628	0.14486204804899425	0.14818482430834007	0.15145908501555394	0.15456515847537722	0.15619851539715168
Z3_1_trimm_paired - polyg	0.0	0.0	0.00013746073104042546	0.00041777281002482246	0.0011077717736787227	0.0023745667460120553	0.004552375975044678	0.006379795105346805	0.009899867943362405	0.017630012583047507	0.028029051651678284	0.04041722835771756	0.05964987134618932	0.07764644587867797	0.09343717997423555	0.10788457233742943	0.12100263857220886	0.13381667401362826	0.1454372268726026	0.15580553942488318	0.16483913523184573	0.17351802844655495	0.18159101632130556	0.18874921650752444	0.19598126814532188	0.2023502820168616	0.20817322639607205	0.21359996043287194	0.21834154706123104	0.22282222783145858	0.22699240906804183	0.23085532514112295	0.23464654600938695	0.23830893113365614	0.24181714461448395	0.24354807170221263
Z3_2_trimm_paired - polya	0.06251498423042408	0.06430466904240138	0.06604853361069854	0.06732341450838719	0.06953356743884109	0.07053352687444889	0.07168981420025954	0.07254422697947159	0.07356035826579002	0.07846959307984946	0.08824493777273994	0.09556054397254235	0.10207079200695497	0.10699296430158292	0.11190489442409413	0.11620714577481425	0.12035899891392546	0.12419604002586956	0.12819857307675256	0.132069575075189	0.1357174055338186	0.13939380626203707	0.14295916028204247	0.1466393344420934	0.1499561810228453	0.1537258394234951	0.15704322506593738	0.1605201729687246	0.16378257431875068	0.16721639728630952	0.1703499628923409	0.17332881779324044	0.17636912572684044	0.1792547229553087	0.18215972640462968	0.18371491938130272
Z3_2_trimm_paired - polyg	0.14600755414099778	0.14854653470256798	0.14873790160264388	0.14887805764213607	0.1490047371393694	0.14916915095492758	0.14941172871558714	0.1496057909241148	0.15002356373413964	0.15099117946832616	0.15265741915321226	0.15561363346311693	0.16020805625000928	0.1650105568493785	0.16895972279291632	0.1725514908357491	0.17595027479343492	0.17930431663082133	0.18228964027200514	0.18504101113957508	0.18733795300217607	0.18978313682962455	0.19216255513084982	0.19423632545364403	0.19613490072707296	0.19810678839039006	0.19977949681556045	0.2014430411919948	0.2029259999021603	0.20436421649202638	0.20591024541996344	0.20734684482475846	0.20863304601794455	0.21001196582187162	0.2112663623753268	0.21192132232910768
Z4_1_trimm_paired - polya	0.1461448198316523	0.14758271343054724	0.148771633235081	0.14957730124380034	0.15094246092524144	0.15170896451687027	0.15252022744231683	0.15312447844885632	0.1539665134163026	0.15773860627379271	0.1648659706925953	0.16971060908669305	0.17396722173276027	0.17739298924483565	0.1805921626294587	0.18341144116830366	0.1861042745891135	0.18888942413592247	0.1918978108601474	0.194808286541646	0.1976661700059088	0.20080715625656875	0.20366951565421335	0.20675790968763746	0.20984014931266168	0.21316017289859263	0.21638676137517904	0.21960271950998375	0.22262397454268132	0.22570789264272367	0.22885503330178358	0.23167487133230127	0.2343195884692571	0.23702473070686683	0.239690708527386	0.24113531602635363
Z4_1_trimm_paired - polyg	0.0	0.0	0.00019861954381622667	0.0005203272556312418	0.0011637426792612717	0.002221181940705408	0.003958403584506489	0.005561347226854347	0.008870740471003589	0.017392917629901517	0.028838998270443394	0.045658996427477824	0.08036818132811797	0.1059873050220476	0.12610326862308593	0.14428674798654334	0.15893200201170826	0.17391574849886984	0.1870856229830675	0.19842260274742862	0.2069710760149445	0.21455330716366983	0.2214344952464748	0.22734216781874395	0.2332867668414127	0.2382421845867094	0.24255138945001237	0.24667596206131726	0.2502941947088089	0.25349672504346826	0.25649224345922067	0.2590866063456314	0.26158137971429785	0.2640465000243099	0.2666526122358479	0.2679993086920892
Z4_2_trimm_paired - illumina_universal_adapter	2.237966690887061e-05	4.755679218135005e-05	6.993645909022066e-05	0.00011749325127157071	0.00012308816799878837	0.00018183479363457372	0.00021540429399787963	0.00024058141927035906	0.0002657585445428385	0.000531517089085677	0.0012426310051150407	0.002641919678592176	0.0049341570617332485	0.007814979684577618	0.010983940518873697	0.014564127732620275	0.018330625673383193	0.022142442439636582	0.025725427111746767	0.029055521547786713	0.032106989130811225	0.03525468928154387	0.03812208410424292	0.04083114278356171	0.043306893435355515	0.04571718356144089	0.04798760076934581	0.05015898795117898	0.05205342675501488	0.05372798533147112	0.055296799981782954	0.05699261924180262	0.059212122707489864	0.06155359535783045	0.07857221305868112	0.10252405156789988
Z4_2_trimm_paired - polya	0.14264240196041406	0.14399077689167353	0.14537551878165988	0.14640218600110433	0.1478820414754534	0.14871568406780883	0.14973395891216243	0.15038296925251968	0.15129214322069257	0.15500101351916512	0.16217537523847633	0.16729304556886232	0.17194130238583477	0.1755886286003079	0.17922084853961764	0.1824312117576951	0.1854765249323197	0.188373572813673	0.1914121720882249	0.19427732894423308	0.1971464022419503	0.20009380437384855	0.20274579490254968	0.20551080274914066	0.2082081121033323	0.2109714414749051	0.21355013859447972	0.216254161848744	0.2188289425266096	0.22137518912916634	0.2238196082472877	0.22611688105548328	0.22852605219822322	0.23082556297310966	0.23309933713105088	0.23435987186969304
Z4_2_trimm_paired - polyg	0.15690384469809185	0.15911663426370645	0.15928448176552298	0.15937400043315844	0.1594579241840667	0.15956143014352026	0.15969570814497347	0.15984677089660834	0.1601237192746056	0.16131375806248482	0.1626833936773077	0.16496220326030345	0.16846685909823259	0.17213544599626923	0.17521097172122074	0.1779681466843936	0.180412565802515	0.18248827990831273	0.18444034635443898	0.18618931732336721	0.18774973959858823	0.18919266862253767	0.19068035698030483	0.19210314430403627	0.19340340295144168	0.19451343443012165	0.19559437234182012	0.19657460175242863	0.19764211186398176	0.19867269552513525	0.19976314479526996	0.20087709271565898	0.2020357999698658	0.2032773119916354	0.20444049517922394	0.20517678622052576
Z5_1_trimm_paired - polya	0.03568801359277405	0.03800594461718912	0.040301026376303284	0.04196648393601444	0.04461699871092062	0.045985415821719874	0.047160883581089184	0.048168790061585115	0.04943819368941375	0.05532162562367386	0.06740685592205355	0.0759433414384755	0.08401370194275878	0.09064506649453553	0.09620403886152266	0.10150862274149293	0.1067954349706736	0.11179790078722067	0.11713041154700314	0.12252537696527484	0.1275527230929273	0.1326892379325731	0.1375698410008486	0.14292418550302977	0.14803074241705877	0.15361459509515132	0.1588460613261587	0.1640678800895945	0.1690226163297352	0.1741210490605461	0.1790062219818818	0.18352783770420739	0.18803168177574334	0.19217146088681808	0.19625233966956154	0.19865912894792462
Z5_1_trimm_paired - polyg	0.0	0.0	0.00025641953282138285	0.000555998788988939	0.001142463265045765	0.0020894383714059215	0.0035365585071305576	0.004785651676913928	0.0076011889234378245	0.013755765472602145	0.022411574930039996	0.034653703516819276	0.055008336808325765	0.07208993978583891	0.08711917097787873	0.10063578080699798	0.1117110735790772	0.12310067068940675	0.13312134292748595	0.14199345876310582	0.14925393975283444	0.15585534637899442	0.16148692863349332	0.16677983400008758	0.1715746253831219	0.1759114159372356	0.17987246301751206	0.18366087120440383	0.18694456450887093	0.19001906009547184	0.1927645262617396	0.19523173915278733	0.19753849942527751	0.19982951909278263	0.20188950730002292	0.2029725624752863
Z5_2_trimm_paired - polya	0.06904540212485473	0.07140395406536032	0.07416109874500411	0.07617437289874031	0.07891374592759448	0.08034563321978518	0.08188415041671347	0.08325510633476839	0.08471492050677132	0.09117618497241903	0.10406824821664658	0.11353799928024814	0.12211713675856514	0.12879572312529713	0.13516355948393663	0.1411993198535362	0.1470497472934728	0.15237159506278153	0.15800419284018272	0.16320925547573123	0.1680766567462773	0.1730552577746212	0.17772970969373733	0.18278193613249524	0.18743455430921277	0.19247662551894806	0.1969830083977397	0.20169655794859292	0.20626387220152037	0.2109149670938845	0.21544216819217246	0.21939001347471948	0.2233698477286878	0.2272090320606927	0.23085729808707223	0.23280862534377036
Z5_2_trimm_paired - polyg	0.3461181319710094	0.35236613662718186	0.35261493973823627	0.3527444189082748	0.35291451899440385	0.3530998519240668	0.35327756843196284	0.3534324356745579	0.3538310284136961	0.35459977925070907	0.3558453180903346	0.35803326218326	0.3614560821253371	0.36486874683839154	0.3676467097375317	0.36986308847172056	0.3719296775778255	0.37397798727168985	0.3757835869919133	0.3773749113797592	0.3788073064334011	0.38018740205757634	0.381398920879976	0.3824977166602244	0.3836173306599693	0.3846455475985105	0.3856691946839915	0.38664358890871275	0.3875413111543131	0.38841618413461265	0.38930984428860393	0.39012429365621887	0.39096768542654814	0.391809046151073	0.39257068832777015	0.39293373776532914
Z6_1_trimm_paired - polyg	0.0	0.0	0.00013802681037783935	0.0004291379013565551	0.0009360727321988015	0.0018746550427681092	0.0033427583895142185	0.004572451791062242	0.007327968841878017	0.014008466464165443	0.023211592264485673	0.03584982893835474	0.05871158597799185	0.07802479920173325	0.09499808155281467	0.1101047395119136	0.1225903938208559	0.1351041554075479	0.14559620065896006	0.15485554101477964	0.1624143910667442	0.16912500362947772	0.1754094897848993	0.1809150028141157	0.18626642773138308	0.1907189216763351	0.19495508996574953	0.1988449364400341	0.20206623123641582	0.2050671850518671	0.20784177489829872	0.21029011955656451	0.2127364565521339	0.2152555713204481	0.2175202148419928	0.218616900589904
Z6_2_trimm_paired - polyg	0.14046361097560084	0.14279249970343058	0.14295060314077246	0.1430509862755927	0.14311121615648487	0.14319654182108207	0.14330947284775486	0.14340483682583408	0.14378629273815102	0.1444683961392546	0.14564438456367376	0.14767613921243555	0.15059578268868246	0.15375032270040873	0.15649379377504608	0.15873233768153755	0.16075907317355834	0.16276372437591868	0.16462031045441913	0.1663850459645591	0.1678441148291714	0.16919075458278496	0.17053689242072448	0.17181326397996394	0.17296114512663346	0.17427766993980096	0.17545666985826477	0.17669891115166533	0.1777378765970549	0.17873267346312355	0.1798594741514808	0.181030443419159	0.18224959659155088	0.18348681872821043	0.18454535888488993	0.1851391251273517
Z7_1_trimm_paired - polya	0.13243360680822558	0.13435643387795343	0.13594254468662295	0.1372384592439856	0.13885115291537026	0.1397704769176019	0.14076733426941931	0.14171102589580648	0.14281642993704402	0.14711354969494503	0.15490321456590242	0.1609765126008861	0.16649068442342824	0.17127382752130424	0.17578272408550247	0.18010199622899942	0.1843122786353643	0.18836660824713378	0.1928050602251369	0.19697325309886954	0.20125353704371762	0.205472237356609	0.20979904131120858	0.21403147610316942	0.21817175697105115	0.22265318457711042	0.22689137898932624	0.23122748694587608	0.235514416606403	0.23993824800991276	0.244179543756112	0.24804380589946823	0.2520502863583505	0.25556321166615514	0.2589410074218245	0.26079782038247645
Z7_1_trimm_paired - polyg	0.0	0.0	0.000250321957234155	0.0007620420645004366	0.0018696613442975827	0.003991859884388915	0.0069359119300897295	0.009984080188091476	0.016073770988416187	0.027305473533271167	0.042985818153503406	0.06019822176155106	0.08359822971425748	0.10716305141579774	0.1282312992606752	0.14764963742636686	0.16531439274828366	0.1816172194037619	0.19743668100553668	0.21383963644390852	0.22825064936949327	0.2402049627324879	0.25378747643678434	0.2654267828766047	0.27493414372667146	0.28528683961107937	0.2937782920577162	0.3015732735012167	0.3087400132892161	0.3158398528727159	0.3217713756398855	0.32694351462882626	0.33208552637335653	0.33695772206132824	0.3416128243704597	0.3443078836020621
Z7_2_trimm_paired - illumina_universal_adapter	0.000197156231803892	0.0004585543818360185	0.000788624927215568	0.0013446498056737355	0.0014842098349281759	0.0019516251710025715	0.0022750500007033382	0.002507650049460739	0.0028842406045917687	0.004946184655862136	0.010073575825899085	0.01292015737497775	0.017917735565422473	0.022750943054745298	0.028743606406159784	0.03406460942630527	0.04142496106441327	0.04732059696691752	0.054243217465649675	0.059523017048586715	0.06501459343782097	0.06986375064477288	0.07263811541680876	0.07505626982846189	0.07741151146502254	0.07919566460091979	0.08083405503959573	0.08238339288817598	0.08375861298597212	0.0850811104060499	0.08632873276281341	0.0876321791312787	0.08936360958945759	0.09117788996976532	0.10655873433674042	0.1282733887933075
Z7_2_trimm_paired - polya	0.15587526124585238	0.1577294159202328	0.159754143963702	0.16113866806344843	0.16301940560054398	0.16404727629219573	0.16519255462750598	0.1662248557962769	0.1673922865171831	0.1720726425458939	0.18052687898472958	0.1873972198534553	0.1935985586771836	0.19888677616664713	0.2038458092061549	0.20855895076554765	0.21311613953034506	0.21758206046648715	0.22225001115926424	0.22659808140403595	0.23083716191167553	0.23520118187407632	0.2393215255949217	0.24325224489506586	0.24719669867427943	0.25125944619257534	0.2551392150058488	0.259112909934049	0.26288944863044533	0.2667005450483714	0.2701354939588783	0.27344151598521677	0.2769411498616639	0.2802192598821515	0.28357534629993686	0.28540690554100945
Z7_2_trimm_paired - polyg	0.2802476149357143	0.28533823314566203	0.2855376046160255	0.285666088452482	0.285818939913094	0.28602938757625546	0.28632844478180064	0.2866518696115014	0.28749587550270683	0.289193191287068	0.29320676050934097	0.29914315680134174	0.30691775805009386	0.3162505581016646	0.32440440819181926	0.33144355023878613	0.338340030922515	0.3442135144394234	0.3500431362328517	0.3570614550373583	0.3635995101221449	0.36869987538175486	0.37536730039842175	0.3803826004973432	0.38401116125795864	0.3888780403733873	0.39267407316910813	0.3964581436766071	0.39988157334660407	0.40343437294848145	0.4066376079056548	0.4096924218793353	0.4125545100983311	0.4153434954448604	0.4177483584251559	0.4191098440438826
Z8_1_trimm_paired - polya	0.11174912387339225	0.1142908472787903	0.11638417698401578	0.11772192614475159	0.12077397608183775	0.12192097212150567	0.12312990099268915	0.12403907495933739	0.12531489128855763	0.133164010623512	0.14839700986307594	0.15738024320874297	0.16553654938801446	0.17154750228358737	0.17638767693219037	0.1805015033327791	0.18423927358040537	0.1880835682982384	0.19256205521079064	0.1968641574191866	0.2008060582794881	0.20487083387751648	0.2088756584946378	0.2134408513713118	0.21762007884198092	0.22248155838462527	0.22685996184144835	0.2316629767911421	0.23620934208703534	0.24092267829669453	0.2453189184089941	0.24916965414130474	0.25327803045272007	0.2571505665417242	0.26107512620920137	0.2630262581332672
Z8_1_trimm_paired - polyg	0.0	0.0	0.00021800356693472517	0.0006143736886342255	0.0011866330518378791	0.002293992079335858	0.003926541518085675	0.005536795137489895	0.008648300592830973	0.01672781006102316	0.0272311228234078	0.042677171003385195	0.07211657086731134	0.09598845690931587	0.11482792879369312	0.13100032522168487	0.1441543631729349	0.15748379490303693	0.16958398379321846	0.1799812675480485	0.18833972248938669	0.1955333447355805	0.2024054117205456	0.20819737012387957	0.21384168065688042	0.21888648138081082	0.2234878430310899	0.22790588350008295	0.23153861566545886	0.23486564737447405	0.2378864831644764	0.2406036003487264	0.2432612620147216	0.24582379485150882	0.24832092661821573	0.24956206056178726
Z8_2_trimm_paired - illumina_universal_adapter	2.7250445866840646e-05	6.688745803679068e-05	0.0001932304343285064	0.0003691196758326597	0.00043600713386945033	0.0005549181703793005	0.0007976948699202444	0.0008249453157870851	0.0009289924727332038	0.0013441901752134305	0.0032715398919772507	0.005527876809751657	0.008445160905459978	0.012356838543981924	0.01630319856815257	0.02083024082061299	0.025813108713027832	0.03045559376343323	0.03490435291685799	0.03872238811412843	0.04270442144925204	0.046408995699185995	0.04962851201269018	0.053133910276470145	0.05588670077167317	0.058263930576565925	0.060593100504202614	0.06267850280699411	0.06444532262446964	0.06610611343439053	0.06751322736642376	0.06906798916879005	0.07128320268643815	0.07358016754168675	0.0882711306398266	0.10861284528544496
Z8_2_trimm_paired - polya	0.14926307857898932	0.15158679841745265	0.15403190660568644	0.15553811306814455	0.15854061674001826	0.1600393912626945	0.16149357414667953	0.16254395496918322	0.16387674950339778	0.17153263840402364	0.18639701343040702	0.19577612143512144	0.20439667611943343	0.21085205901396192	0.217019082644954	0.22204158754953882	0.2268173520533657	0.23112886805215202	0.23589571422824065	0.24054464029312364	0.24474467719518195	0.24890111338385337	0.25272013950642797	0.25715750301885393	0.2610265708692932	0.2657537800332118	0.2696699168356029	0.2739041406606578	0.27805264944689523	0.2824845628701478	0.2865998756586928	0.2901047784598207	0.2938019207699728	0.29739452046052656	0.3009876156137326	0.30293329744862496
Z8_2_trimm_paired - polyg	0.12774018097070647	0.12988305694114438	0.13002426379699983	0.1301357428937278	0.13023979005067393	0.13036613302696565	0.13053706764194856	0.1306881837508465	0.1310622580532004	0.13202296013566955	0.13330769479262808	0.13561704621417978	0.1391744680564328	0.14295782086805453	0.1461768417189066	0.14858627659618745	0.15083518157418	0.15299638966274648	0.1552140804936552	0.1571553031646785	0.1587571339189966	0.16035351458414135	0.16192512211667986	0.16334709992827684	0.16459021572245688	0.1659418378374522	0.1672389590607138	0.168458788110244	0.1694730001591426	0.170522390056342	0.1715990303994083	0.172733144410121	0.17387964498713682	0.17502911834006535	0.17616570966403866	0.17669932294037663
Z9_1_trimm_paired - polyg	0.0	0.0	0.00012259023269930018	0.0003719979475013247	0.0007714730161249063	0.0015366051581446763	0.0025934175090007124	0.003588934743507098	0.00593717178710921	0.012807297517554128	0.022408226362611045	0.03896763045064444	0.07380016553485938	0.10062206299958558	0.12229390251612013	0.14076190970979957	0.15489444991532714	0.1692789341852988	0.1814876531873281	0.19154850676747756	0.19932918201942001	0.20598709982981306	0.21212506596358488	0.21741842766655264	0.22251691317202246	0.22681771671506623	0.23070720889115673	0.23426655288883985	0.23705865111980154	0.23976451346293332	0.2421313504039105	0.24416381191707687	0.24627278664444513	0.24836781144878217	0.250378713989991	0.2513945220216338
Z9_2_trimm_paired - illumina_universal_adapter	1.902262231540865e-05	2.5363496420544863e-05	4.6499743437665585e-05	0.00013315835620786055	0.00017120360083867784	0.00023672596659175205	0.00027688483592428143	0.0002853393347311297	0.0003085892064499625	0.0005782877183884229	0.0015074371372610497	0.0034003994201143813	0.0063239651075225195	0.009786082368926894	0.013439694028306382	0.01715333262921449	0.021173869536811198	0.02517157929762941	0.029066566897944412	0.03265888344097425	0.035942610777554125	0.039113047830122226	0.041984618349868254	0.04480884367629593	0.04737985676345848	0.049799957046918815	0.05216129856367154	0.05448374938591276	0.05638643434239397	0.05826967395161943	0.05993859201609127	0.061889890340711864	0.0643869265633145	0.06705093913735241	0.08445917490559338	0.10791533639531325
Z9_2_trimm_paired - polyg	0.24274556974222805	0.2456475764576787	0.24579764381150027	0.24592023404419958	0.2459942109087595	0.24605550602510914	0.24613793738847592	0.24623305050005295	0.24647400371604813	0.2475680158616543	0.2485977738163284	0.2505380812925001	0.25315009869887584	0.2561366504023951	0.258618045802205	0.26049917178672877	0.261999422600004	0.263553782205643	0.26493693821044345	0.2660850591484134	0.26709114450642835	0.2680837026663524	0.26911937877019126	0.27004218731495877	0.2709117325172431	0.27191105427621254	0.2729572985035601	0.2738792615984469	0.27474711590096984	0.2756284974015838	0.27665191448215276	0.2777450811778782	0.27878582998100127	0.27989801929904223	0.28095736799954024	0.281490424149312
